time,envio_n,lat,lon,pm25,pm1,pm10,temp_pms,hum,vbat,csq,sats,speed_kmh
2025-09-20T12:41:55,1437.0,-33.431107,-70.603439,0.0,0.0,0.0,25.8,30.1,0.0,28.0,8.0,0.0
2025-09-20T12:41:52,1436.0,-33.43111,-70.603439,1.0,0.0,1.0,25.9,30.1,0.0,28.0,9.0,2.0
2025-09-20T12:41:49,1435.0,-33.431095,-70.603439,2.0,1.0,2.0,25.9,30.5,0.0,28.0,9.0,3.9
2025-09-20T12:41:46,1434.0,-33.431084,-70.603432,2.0,1.0,2.0,25.9,30.5,0.0,28.0,9.0,0.0
2025-09-20T12:41:43,1433.0,-33.431087,-70.603432,2.0,1.0,2.0,25.8,30.7,0.0,28.0,9.0,1.3
2025-09-20T12:41:39,1432.0,-33.431084,-70.603439,1.0,0.0,1.0,25.9,31.0,0.0,28.0,9.0,0.0
2025-09-20T12:41:37,1431.0,-33.431084,-70.603439,2.0,1.0,2.0,25.9,30.9,0.0,28.0,9.0,0.0
2025-09-20T12:41:34,1430.0,-33.431084,-70.603439,2.0,0.0,2.0,25.9,30.9,0.0,28.0,8.0,0.0
2025-09-20T12:41:30,1429.0,-33.431084,-70.603439,3.0,1.0,3.0,25.9,31.0,0.0,28.0,8.0,0.0
2025-09-20T12:41:27,1428.0,-33.431084,-70.603439,2.0,0.0,2.0,25.9,30.8,0.0,28.0,8.0,0.0
2025-09-20T12:41:24,1427.0,-33.431084,-70.603439,2.0,0.0,2.0,25.9,30.9,0.0,28.0,7.0,0.0
2025-09-20T12:41:21,1426.0,-33.431084,-70.603439,2.0,0.0,2.0,25.9,30.9,0.0,28.0,6.0,0.0
2025-09-20T12:41:18,1425.0,-33.431084,-70.603439,3.0,1.0,3.0,25.9,30.8,0.0,28.0,8.0,0.0
2025-09-20T12:41:15,1424.0,-33.431084,-70.603439,2.0,0.0,2.0,25.9,30.8,0.0,31.0,9.0,0.0
2025-09-20T12:41:12,1423.0,-33.431084,-70.603439,2.0,1.0,2.0,25.9,30.9,0.0,31.0,8.0,0.0
2025-09-20T12:41:09,1422.0,-33.431087,-70.603439,1.0,0.0,1.0,25.9,30.7,0.0,31.0,8.0,1.6
2025-09-20T12:41:06,1421.0,-33.431084,-70.603439,1.0,0.0,1.0,25.9,30.8,0.0,31.0,8.0,3.2
2025-09-20T12:41:03,1420.0,-33.431126,-70.603416,2.0,1.0,2.0,25.9,30.6,0.0,31.0,8.0,10.4
2025-09-20T12:41:00,1419.0,-33.43121,-70.603386,3.0,1.0,3.0,25.9,30.8,0.0,31.0,8.0,15.0
2025-09-20T12:40:57,1418.0,-33.431293,-70.603279,3.0,1.0,3.0,25.9,30.6,0.0,31.0,7.0,21.1
2025-09-20T12:40:54,1417.0,-33.431332,-70.602928,2.0,0.0,2.0,25.9,30.7,0.0,31.0,6.0,27.8
2025-09-20T12:40:51,1416.0,-33.431324,-70.602707,3.0,1.0,3.0,25.9,30.4,0.0,31.0,7.0,17.3
2025-09-20T12:40:48,1415.0,-33.431339,-70.602547,3.0,1.0,3.0,25.9,30.3,0.0,31.0,8.0,11.7
2025-09-20T12:40:45,1414.0,-33.431263,-70.602493,2.0,0.0,2.0,25.9,30.4,0.0,31.0,7.0,13.7
2025-09-20T12:40:42,1413.0,-33.431091,-70.602547,2.0,0.0,2.0,25.9,30.4,0.0,31.0,8.0,30.2
2025-09-20T12:40:39,1412.0,-33.430862,-70.6026,2.0,0.0,2.0,25.9,30.3,0.0,31.0,7.0,28.6
2025-09-20T12:40:36,1411.0,-33.430649,-70.602661,2.0,0.0,2.0,25.9,30.6,0.0,31.0,7.0,28.8
2025-09-20T12:40:33,1410.0,-33.430458,-70.602707,3.0,1.0,3.0,25.9,30.4,0.0,31.0,7.0,19.1
2025-09-20T12:40:30,1409.0,-33.430325,-70.602745,3.0,1.0,3.0,25.9,30.4,0.0,31.0,7.0,15.0
2025-09-20T12:40:27,1408.0,-33.430222,-70.602768,2.0,0.0,2.0,25.9,30.4,0.0,31.0,7.0,13.8
2025-09-20T12:40:24,1407.0,-33.430134,-70.60276,2.0,1.0,3.0,25.9,30.2,0.0,31.0,7.0,15.2
2025-09-20T12:40:21,1406.0,-33.430073,-70.602631,1.0,0.0,2.0,25.9,30.3,0.0,31.0,8.0,14.5
2025-09-20T12:40:18,1405.0,-33.430046,-70.602509,1.0,0.0,2.0,25.9,30.3,0.0,31.0,8.0,5.8
2025-09-20T12:40:15,1404.0,-33.430054,-70.602486,1.0,0.0,2.0,25.9,30.4,0.0,27.0,7.0,0.0
2025-09-20T12:40:12,1403.0,-33.430054,-70.602486,2.0,1.0,3.0,25.9,30.5,0.0,27.0,6.0,0.0
2025-09-20T12:40:09,1402.0,-33.430054,-70.602486,2.0,1.0,3.0,26.0,30.3,0.0,27.0,6.0,0.0
2025-09-20T12:40:06,1401.0,-33.430054,-70.602486,2.0,1.0,3.0,26.0,30.2,0.0,27.0,7.0,0.0
2025-09-20T12:40:03,1400.0,-33.430054,-70.602486,2.0,1.0,3.0,26.0,30.3,0.0,27.0,8.0,0.0
2025-09-20T12:40:00,1399.0,-33.430054,-70.602486,3.0,1.0,3.0,26.0,30.3,0.0,27.0,8.0,0.0
2025-09-20T12:39:57,1398.0,-33.430054,-70.602486,2.0,0.0,2.0,26.0,30.2,0.0,27.0,7.0,0.0
2025-09-20T12:39:53,1397.0,-33.430054,-70.602486,2.0,0.0,2.0,26.0,30.3,0.0,27.0,6.0,0.0
2025-09-20T12:39:50,1396.0,-33.430054,-70.602486,3.0,1.0,3.0,26.0,30.3,0.0,27.0,8.0,0.0
2025-09-20T12:39:47,1395.0,-33.430054,-70.602486,3.0,2.0,3.0,26.0,30.2,0.0,27.0,9.0,0.0
2025-09-20T12:39:44,1394.0,-33.430054,-70.602486,2.0,1.0,2.0,26.0,30.2,0.0,27.0,9.0,0.0
2025-09-20T12:39:41,1393.0,-33.430058,-70.602486,3.0,2.0,3.0,26.0,30.2,0.0,27.0,9.0,0.0
2025-09-20T12:39:38,1392.0,-33.430046,-70.602486,2.0,1.0,2.0,26.0,30.4,0.0,27.0,7.0,1.0
2025-09-20T12:39:35,1391.0,-33.430069,-70.602478,3.0,1.0,3.0,26.0,30.5,0.0,27.0,8.0,5.6
2025-09-20T12:39:32,1390.0,-33.430084,-70.60247,4.0,2.0,4.0,26.0,30.3,0.0,27.0,9.0,2.6
2025-09-20T12:39:29,1389.0,-33.430115,-70.602455,3.0,2.0,3.0,26.0,30.5,0.0,27.0,8.0,15.4
2025-09-20T12:39:26,1388.0,-33.430237,-70.602455,2.0,1.0,2.0,26.0,30.4,0.0,27.0,8.0,8.4
2025-09-20T12:39:23,1387.0,-33.430271,-70.602531,2.0,2.0,2.0,26.0,30.4,0.0,27.0,8.0,6.1
2025-09-20T12:39:20,1386.0,-33.430283,-70.602592,1.0,1.0,1.0,26.0,30.3,0.0,27.0,8.0,9.2
2025-09-20T12:39:17,1385.0,-33.430325,-70.602608,2.0,2.0,2.0,26.0,30.5,0.0,27.0,8.0,3.6
2025-09-20T12:39:14,1384.0,-33.430336,-70.602615,1.0,1.0,1.0,26.0,30.6,0.0,23.0,8.0,0.0
2025-09-20T12:39:11,1383.0,-33.430336,-70.602615,2.0,2.0,2.0,26.0,30.1,0.0,23.0,9.0,0.0
2025-09-20T12:39:08,1382.0,-33.43034,-70.602608,2.0,2.0,2.0,26.0,30.4,0.0,23.0,9.0,0.0
2025-09-20T12:39:05,1381.0,-33.430336,-70.602608,1.0,1.0,1.0,26.0,30.5,0.0,23.0,8.0,10.0
2025-09-20T12:39:02,1380.0,-33.430431,-70.602585,2.0,2.0,2.0,26.0,30.2,0.0,23.0,7.0,16.5
2025-09-20T12:38:59,1379.0,-33.430698,-70.602516,2.0,2.0,2.0,26.0,30.4,0.0,23.0,8.0,32.9
2025-09-20T12:38:56,1378.0,-33.430965,-70.60247,2.0,2.0,2.0,26.0,30.5,0.0,23.0,8.0,38.6
2025-09-20T12:38:53,1377.0,-33.431248,-70.602394,2.0,1.0,2.0,26.0,30.3,0.0,23.0,7.0,41.2
2025-09-20T12:38:50,1376.0,-33.431561,-70.60231,2.0,0.0,2.0,26.0,30.5,0.0,23.0,7.0,44.2
2025-09-20T12:38:47,1375.0,-33.431877,-70.602234,3.0,1.0,3.0,26.0,30.6,0.0,23.0,7.0,37.4
2025-09-20T12:38:44,1374.0,-33.432159,-70.602158,3.0,1.0,3.0,26.1,30.6,0.0,23.0,8.0,35.5
2025-09-20T12:38:41,1373.0,-33.432384,-70.602089,2.0,1.0,2.0,26.1,30.6,0.0,23.0,8.0,21.8
2025-09-20T12:38:38,1372.0,-33.432518,-70.602066,0.0,0.0,0.0,26.0,30.6,0.0,23.0,8.0,17.2
2025-09-20T12:38:35,1371.0,-33.432629,-70.602036,0.0,0.0,0.0,26.1,30.4,0.0,23.0,6.0,0.0
2025-09-20T12:38:32,1370.0,-33.432625,-70.602036,0.0,0.0,0.0,26.0,30.5,0.0,23.0,6.0,0.0
2025-09-20T12:38:29,1369.0,-33.432625,-70.602036,0.0,0.0,0.0,26.1,30.4,0.0,23.0,8.0,0.0
2025-09-20T12:38:26,1368.0,-33.432625,-70.602036,1.0,1.0,1.0,26.1,30.5,0.0,23.0,8.0,0.0
2025-09-20T12:38:23,1367.0,-33.432625,-70.602036,1.0,1.0,1.0,26.1,30.4,0.0,23.0,8.0,0.0
2025-09-20T12:38:20,1366.0,-33.432629,-70.602036,0.0,0.0,0.0,26.1,30.6,0.0,23.0,7.0,0.0
2025-09-20T12:38:17,1365.0,-33.432629,-70.602036,0.0,0.0,0.0,26.1,30.6,0.0,23.0,7.0,0.0
2025-09-20T12:38:14,1364.0,-33.432632,-70.602036,1.0,1.0,1.0,26.1,30.5,0.0,21.0,7.0,0.0
2025-09-20T12:38:11,1363.0,-33.432632,-70.602036,1.0,1.0,1.0,26.1,30.5,0.0,21.0,7.0,0.0
2025-09-20T12:38:08,1362.0,-33.432636,-70.602036,0.0,0.0,0.0,26.1,30.5,0.0,21.0,7.0,2.5
2025-09-20T12:38:05,1361.0,-33.432686,-70.60202,1.0,1.0,1.0,26.1,30.6,0.0,21.0,8.0,13.2
2025-09-20T12:38:02,1360.0,-33.432854,-70.601982,0.0,0.0,0.0,26.1,30.5,0.0,21.0,7.0,29.6
2025-09-20T12:37:59,1359.0,-33.433128,-70.601906,1.0,1.0,1.0,26.1,30.4,0.0,21.0,8.0,42.7
2025-09-20T12:37:56,1358.0,-33.43346,-70.601807,1.0,1.0,1.0,26.1,30.3,0.0,21.0,8.0,46.0
2025-09-20T12:37:53,1357.0,-33.433784,-70.601707,0.0,0.0,0.0,26.1,30.2,0.0,21.0,7.0,42.3
2025-09-20T12:37:50,1356.0,-33.434074,-70.601624,0.0,0.0,0.0,26.1,30.2,0.0,21.0,8.0,33.6
2025-09-20T12:37:47,1355.0,-33.434296,-70.601563,1.0,1.0,1.0,26.1,30.2,0.0,21.0,8.0,28.3
2025-09-20T12:37:43,1354.0,-33.434479,-70.601501,1.0,1.0,1.0,26.1,30.3,0.0,21.0,8.0,12.8
2025-09-20T12:37:41,1353.0,-33.434578,-70.60154,0.0,0.0,0.0,26.1,30.4,0.0,21.0,8.0,14.3
2025-09-20T12:37:37,1352.0,-33.43465,-70.601677,1.0,1.0,1.0,26.1,30.3,0.0,21.0,7.0,16.0
2025-09-20T12:37:34,1351.0,-33.434681,-70.601852,0.0,0.0,0.0,26.1,30.4,0.0,21.0,7.0,8.8
2025-09-20T12:37:31,1350.0,-33.434689,-70.601891,1.0,1.0,1.0,26.1,30.2,0.0,21.0,8.0,0.0
2025-09-20T12:37:28,1349.0,-33.434689,-70.601891,1.0,1.0,1.0,26.1,30.6,0.0,21.0,5.0,0.0
2025-09-20T12:37:26,1348.0,-33.434689,-70.601891,0.0,0.0,0.0,26.1,30.5,0.0,21.0,4.0,0.0
2025-09-20T12:37:22,1347.0,-33.434689,-70.601891,1.0,1.0,1.0,26.1,30.4,0.0,21.0,3.0,0.0
2025-09-20T12:37:20,1346.0,-33.434689,-70.601891,0.0,0.0,0.0,26.1,30.4,0.0,21.0,3.0,0.0
2025-09-20T12:37:16,1345.0,-33.434689,-70.601891,1.0,1.0,1.0,26.1,30.5,0.0,21.0,4.0,0.0
2025-09-20T12:37:13,1344.0,-33.434689,-70.601891,0.0,0.0,0.0,26.1,30.3,0.0,23.0,6.0,0.0
2025-09-20T12:37:10,1343.0,-33.434692,-70.601891,0.0,0.0,0.0,26.1,30.4,0.0,23.0,7.0,0.6
2025-09-20T12:37:07,1342.0,-33.434708,-70.601929,0.0,0.0,0.0,26.1,30.5,0.0,23.0,7.0,8.1
2025-09-20T12:37:04,1341.0,-33.434723,-70.602051,2.0,1.0,2.0,26.2,30.2,0.0,23.0,8.0,23.9
2025-09-20T12:37:01,1340.0,-33.434788,-70.602303,3.0,1.0,3.0,26.1,30.6,0.0,23.0,7.0,31.8
2025-09-20T12:36:58,1339.0,-33.434864,-70.602562,2.0,0.0,2.0,26.1,30.3,0.0,23.0,7.0,30.4
2025-09-20T12:36:55,1338.0,-33.434925,-70.602859,3.0,0.0,3.0,26.1,30.5,0.0,23.0,7.0,34.7
2025-09-20T12:36:52,1337.0,-33.435001,-70.603165,4.0,1.0,4.0,26.2,30.5,0.0,23.0,7.0,32.9
2025-09-20T12:36:49,1336.0,-33.435097,-70.603546,3.0,1.0,3.0,26.2,30.5,0.0,23.0,7.0,31.9
2025-09-20T12:36:46,1335.0,-33.435169,-70.603821,2.0,0.0,2.0,26.2,30.6,0.0,23.0,7.0,34.3
2025-09-20T12:36:43,1334.0,-33.435253,-70.604111,3.0,1.0,3.0,26.2,30.3,0.0,23.0,9.0,35.3
2025-09-20T12:36:40,1333.0,-33.435341,-70.604416,2.0,0.0,2.0,26.2,30.4,0.0,23.0,9.0,32.4
2025-09-20T12:36:37,1332.0,-33.435406,-70.604683,3.0,1.0,3.0,26.2,30.3,0.0,23.0,9.0,28.8
2025-09-20T12:36:34,1331.0,-33.435459,-70.604897,3.0,1.0,3.0,26.2,30.4,0.0,23.0,9.0,21.3
2025-09-20T12:36:31,1330.0,-33.435501,-70.605049,2.0,0.0,2.0,26.2,30.3,0.0,23.0,9.0,16.3
2025-09-20T12:36:28,1329.0,-33.435528,-70.605156,3.0,1.0,3.0,26.2,30.4,0.0,23.0,8.0,2.0
2025-09-20T12:36:25,1328.0,-33.435535,-70.605171,2.0,0.0,2.0,26.2,30.5,0.0,23.0,8.0,0.9
2025-09-20T12:36:22,1327.0,-33.435535,-70.605171,2.0,0.0,2.0,26.2,30.6,0.0,23.0,8.0,0.0
2025-09-20T12:36:19,1326.0,-33.435535,-70.605171,3.0,1.0,3.0,26.2,30.8,0.0,23.0,8.0,0.0
2025-09-20T12:36:16,1325.0,-33.435535,-70.605171,2.0,1.0,2.0,26.2,30.6,0.0,23.0,8.0,0.0
2025-09-20T12:36:13,1324.0,-33.435535,-70.605171,1.0,0.0,1.0,26.2,30.6,0.0,26.0,9.0,0.0
2025-09-20T12:36:10,1323.0,-33.435535,-70.605171,2.0,1.0,2.0,26.2,30.7,0.0,26.0,9.0,0.0
2025-09-20T12:36:07,1322.0,-33.435535,-70.605179,2.0,1.0,2.0,26.2,30.4,0.0,26.0,9.0,0.0
2025-09-20T12:36:04,1321.0,-33.435535,-70.605179,1.0,0.0,1.0,26.2,30.5,0.0,26.0,7.0,0.0
2025-09-20T12:36:01,1320.0,-33.435539,-70.605186,2.0,1.0,2.0,26.2,30.6,0.0,26.0,8.0,3.4
2025-09-20T12:35:59,1319.0,-33.43557,-70.605324,3.0,1.0,3.0,26.2,30.3,0.0,26.0,8.0,23.6
2025-09-20T12:35:54,1318.0,-33.435619,-70.605568,2.0,0.0,2.0,26.2,30.8,0.0,26.0,7.0,37.1
2025-09-20T12:35:51,1317.0,-33.435707,-70.605904,3.0,2.0,3.0,26.2,30.7,0.0,26.0,7.0,41.6
2025-09-20T12:35:48,1316.0,-33.435802,-70.606255,4.0,2.0,4.0,26.2,30.7,0.0,26.0,8.0,40.4
2025-09-20T12:35:45,1315.0,-33.435883,-70.606598,3.0,1.0,4.0,26.2,30.6,0.0,26.0,7.0,40.2
2025-09-20T12:35:42,1314.0,-33.43597,-70.606956,5.0,2.0,5.0,26.2,30.7,0.0,26.0,7.0,42.0
2025-09-20T12:35:39,1313.0,-33.436073,-70.607315,4.0,1.0,4.0,26.2,30.7,0.0,26.0,8.0,41.0
2025-09-20T12:35:36,1312.0,-33.436165,-70.607658,4.0,1.0,4.0,26.2,30.7,0.0,26.0,8.0,38.0
2025-09-20T12:35:33,1311.0,-33.436241,-70.607971,5.0,2.0,5.0,26.2,30.6,0.0,26.0,8.0,31.5
2025-09-20T12:35:30,1310.0,-33.43631,-70.608208,3.0,1.0,3.0,26.2,30.7,0.0,26.0,9.0,24.1
2025-09-20T12:35:27,1309.0,-33.43634,-70.608383,4.0,2.0,4.0,26.2,30.5,0.0,26.0,9.0,13.2
2025-09-20T12:35:24,1308.0,-33.436367,-70.608505,2.0,1.0,2.0,26.3,30.7,0.0,26.0,8.0,9.8
2025-09-20T12:35:21,1307.0,-33.436382,-70.608566,2.0,1.0,2.0,26.3,30.6,0.0,26.0,9.0,8.3
2025-09-20T12:35:18,1306.0,-33.436382,-70.608597,3.0,2.0,3.0,26.3,30.7,0.0,26.0,9.0,2.0
2025-09-20T12:35:15,1305.0,-33.436386,-70.608597,3.0,2.0,3.0,26.3,30.8,0.0,26.0,8.0,0.0
2025-09-20T12:35:12,1304.0,-33.43639,-70.608597,3.0,2.0,3.0,26.3,30.8,0.0,23.0,8.0,0.0
2025-09-20T12:35:09,1303.0,-33.436394,-70.608604,3.0,1.0,3.0,26.3,30.8,0.0,23.0,8.0,0.0
2025-09-20T12:35:06,1302.0,-33.436394,-70.608604,4.0,2.0,4.0,26.3,30.8,0.0,23.0,8.0,0.0
2025-09-20T12:35:03,1301.0,-33.436394,-70.608604,3.0,1.0,3.0,26.3,30.6,0.0,23.0,8.0,0.0
2025-09-20T12:35:00,1300.0,-33.436394,-70.608604,4.0,2.0,4.0,26.3,30.8,0.0,23.0,9.0,0.0
2025-09-20T12:34:57,1299.0,-33.436394,-70.608604,5.0,2.0,5.0,26.3,30.8,0.0,23.0,8.0,2.0
2025-09-20T12:34:54,1298.0,-33.436398,-70.608643,4.0,1.0,4.0,26.3,30.8,0.0,23.0,8.0,10.6
2025-09-20T12:34:51,1297.0,-33.43644,-70.608788,6.0,2.0,6.0,26.3,30.9,0.0,23.0,7.0,23.1
2025-09-20T12:34:48,1296.0,-33.436485,-70.609032,4.0,0.0,4.0,26.3,31.0,0.0,23.0,7.0,35.6
2025-09-20T12:34:45,1295.0,-33.436554,-70.609383,5.0,1.0,5.0,26.3,30.9,0.0,23.0,7.0,45.8
2025-09-20T12:34:42,1294.0,-33.436642,-70.609818,4.0,1.0,4.0,26.3,31.0,0.0,23.0,7.0,52.8
2025-09-20T12:34:38,1293.0,-33.436737,-70.610313,4.0,0.0,4.0,26.3,31.0,0.0,23.0,8.0,58.0
2025-09-20T12:34:35,1292.0,-33.436836,-70.610817,3.0,0.0,3.0,26.3,30.9,0.0,23.0,7.0,56.7
2025-09-20T12:34:32,1291.0,-33.436966,-70.611305,4.0,0.0,4.0,26.3,31.1,0.0,23.0,9.0,58.3
2025-09-20T12:34:29,1290.0,-33.437153,-70.611786,3.0,0.0,3.0,26.3,31.0,0.0,23.0,8.0,61.8
2025-09-20T12:34:26,1289.0,-33.437363,-70.612282,3.0,0.0,3.0,26.3,31.0,0.0,23.0,10.0,61.5
2025-09-20T12:34:23,1288.0,-33.437561,-70.612755,3.0,0.0,3.0,26.3,31.0,0.0,23.0,9.0,55.9
2025-09-20T12:34:20,1287.0,-33.437714,-70.613182,3.0,0.0,3.0,26.3,31.1,0.0,23.0,9.0,49.9
2025-09-20T12:34:17,1286.0,-33.437809,-70.613586,3.0,0.0,3.0,26.3,31.1,0.0,23.0,8.0,41.0
2025-09-20T12:34:14,1285.0,-33.437885,-70.613922,2.0,0.0,2.0,26.3,31.1,0.0,23.0,10.0,30.5
2025-09-20T12:34:11,1284.0,-33.43803,-70.614052,3.0,0.0,3.0,26.3,31.2,0.0,21.0,11.0,20.1
2025-09-20T12:34:08,1283.0,-33.438202,-70.614006,1.0,0.0,1.0,26.3,31.2,0.0,21.0,11.0,26.0
2025-09-20T12:34:05,1282.0,-33.438496,-70.613937,2.0,0.0,2.0,26.3,31.1,0.0,21.0,11.0,35.6
2025-09-20T12:34:02,1281.0,-33.438747,-70.613846,2.0,0.0,2.0,26.3,31.2,0.0,21.0,8.0,36.6
2025-09-20T12:33:59,1280.0,-33.438995,-70.613754,1.0,0.0,1.0,26.3,31.3,0.0,21.0,8.0,31.3
2025-09-20T12:33:56,1279.0,-33.439209,-70.613693,2.0,0.0,2.0,26.3,31.3,0.0,21.0,7.0,22.4
2025-09-20T12:33:53,1278.0,-33.439358,-70.613655,2.0,0.0,2.0,26.3,31.1,0.0,21.0,8.0,15.8
2025-09-20T12:33:50,1277.0,-33.439404,-70.61364,2.0,0.0,2.0,26.3,31.4,0.0,21.0,8.0,0.0
2025-09-20T12:33:47,1276.0,-33.439404,-70.613632,1.0,0.0,1.0,26.3,31.3,0.0,21.0,8.0,0.0
2025-09-20T12:33:44,1275.0,-33.4394,-70.613625,2.0,0.0,2.0,26.3,31.3,0.0,21.0,8.0,3.0
2025-09-20T12:33:41,1274.0,-33.439419,-70.613609,1.0,0.0,1.0,26.3,31.3,0.0,21.0,9.0,7.7
2025-09-20T12:33:38,1273.0,-33.439487,-70.613579,1.0,0.0,1.0,26.3,31.2,0.0,21.0,7.0,14.7
2025-09-20T12:33:35,1272.0,-33.43961,-70.613571,1.0,0.0,1.0,26.3,31.3,0.0,21.0,8.0,12.2
2025-09-20T12:33:32,1271.0,-33.439728,-70.613518,2.0,0.0,2.0,26.3,31.4,0.0,21.0,8.0,25.2
2025-09-20T12:33:29,1270.0,-33.439938,-70.613472,2.0,0.0,2.0,26.3,31.3,0.0,21.0,9.0,32.8
2025-09-20T12:33:26,1269.0,-33.440193,-70.61338,1.0,0.0,1.0,26.3,31.3,0.0,21.0,9.0,36.9
2025-09-20T12:33:23,1268.0,-33.440464,-70.613304,2.0,0.0,2.0,26.3,31.4,0.0,21.0,8.0,36.4
2025-09-20T12:33:20,1267.0,-33.440727,-70.613213,2.0,0.0,2.0,26.3,31.4,0.0,21.0,9.0,33.1
2025-09-20T12:33:17,1266.0,-33.440956,-70.613144,1.0,0.0,1.0,26.3,31.4,0.0,21.0,8.0,28.8
2025-09-20T12:33:14,1265.0,-33.441147,-70.61306,2.0,0.0,2.0,26.3,31.4,0.0,21.0,8.0,31.6
2025-09-20T12:33:11,1264.0,-33.441357,-70.612991,2.0,0.0,2.0,26.3,31.4,0.0,23.0,7.0,27.9
2025-09-20T12:33:08,1263.0,-33.441563,-70.612923,1.0,0.0,1.0,26.3,31.4,0.0,23.0,8.0,30.3
2025-09-20T12:33:05,1262.0,-33.441772,-70.612862,1.0,0.0,1.0,26.3,31.5,0.0,23.0,8.0,29.0
2025-09-20T12:33:02,1261.0,-33.441978,-70.612785,2.0,1.0,2.0,26.3,31.6,0.0,23.0,8.0,31.3
2025-09-20T12:32:59,1260.0,-33.442196,-70.612724,3.0,1.0,3.0,26.3,31.5,0.0,23.0,7.0,30.8
2025-09-20T12:32:55,1259.0,-33.44241,-70.612679,3.0,1.0,3.0,26.3,31.5,0.0,23.0,7.0,25.3
2025-09-20T12:32:52,1258.0,-33.442577,-70.612602,2.0,1.0,2.0,26.3,31.7,0.0,23.0,8.0,18.4
2025-09-20T12:32:49,1257.0,-33.442707,-70.612549,2.0,1.0,2.0,26.3,31.5,0.0,23.0,7.0,14.2
2025-09-20T12:32:46,1256.0,-33.442745,-70.612541,1.0,0.0,1.0,26.3,31.6,0.0,23.0,7.0,0.0
2025-09-20T12:32:43,1255.0,-33.442745,-70.612541,1.0,0.0,1.0,26.3,31.6,0.0,23.0,7.0,0.0
2025-09-20T12:32:40,1254.0,-33.442749,-70.612541,3.0,1.0,3.0,26.3,31.7,0.0,23.0,8.0,1.6
2025-09-20T12:32:37,1253.0,-33.442753,-70.612549,2.0,0.0,2.0,26.3,31.6,0.0,23.0,8.0,4.3
2025-09-20T12:32:34,1252.0,-33.442852,-70.612518,4.0,1.0,4.0,26.3,31.8,0.0,23.0,9.0,24.3
2025-09-20T12:32:31,1251.0,-33.443054,-70.612442,3.0,1.0,3.0,26.3,31.7,0.0,23.0,9.0,37.6
2025-09-20T12:32:30,1250.0,-33.443462,-70.612297,3.0,1.0,3.0,26.3,31.8,0.0,23.0,9.0,42.6
2025-09-20T12:32:25,1249.0,-33.443768,-70.61219,2.0,1.0,2.0,26.3,31.7,0.0,23.0,8.0,41.9
2025-09-20T12:32:22,1248.0,-33.444069,-70.612083,2.0,1.0,2.0,26.3,31.7,0.0,23.0,9.0,43.4
2025-09-20T12:32:19,1247.0,-33.444378,-70.611977,1.0,0.0,1.0,26.3,31.9,0.0,23.0,9.0,42.4
2025-09-20T12:32:16,1246.0,-33.444672,-70.611877,1.0,0.0,1.0,26.3,31.9,0.0,23.0,9.0,41.7
2025-09-20T12:32:13,1245.0,-33.444973,-70.611786,2.0,1.0,2.0,26.3,31.8,0.0,23.0,9.0,40.5
2025-09-20T12:32:10,1244.0,-33.445255,-70.611687,2.0,1.0,2.0,26.3,32.1,0.0,26.0,11.0,37.7
2025-09-20T12:32:07,1243.0,-33.445515,-70.611603,3.0,1.0,3.0,26.3,32.0,0.0,26.0,11.0,34.2
2025-09-20T12:32:04,1242.0,-33.445755,-70.611511,3.0,1.0,3.0,26.3,32.0,0.0,26.0,7.0,32.5
2025-09-20T12:32:01,1241.0,-33.445988,-70.611435,3.0,1.0,3.0,26.3,32.1,0.0,26.0,7.0,30.7
2025-09-20T12:31:58,1240.0,-33.446217,-70.611359,3.0,0.0,3.0,26.3,32.1,0.0,26.0,8.0,29.8
2025-09-20T12:31:55,1239.0,-33.446426,-70.61129,3.0,0.0,3.0,26.3,32.1,0.0,26.0,8.0,25.7
2025-09-20T12:31:52,1238.0,-33.446594,-70.611237,2.0,0.0,2.0,26.3,32.2,0.0,26.0,8.0,19.6
2025-09-20T12:31:48,1237.0,-33.446739,-70.611191,3.0,0.0,3.0,26.3,32.1,0.0,26.0,8.0,19.2
2025-09-20T12:31:47,1236.0,-33.446873,-70.611153,3.0,0.0,3.0,26.3,32.4,0.0,26.0,8.0,22.5
2025-09-20T12:31:43,1235.0,-33.447044,-70.611084,2.0,0.0,2.0,26.2,32.2,0.0,26.0,8.0,34.9
2025-09-20T12:31:39,1234.0,-33.447311,-70.610992,2.0,0.0,2.0,26.3,32.5,0.0,26.0,8.0,41.8
2025-09-20T12:31:36,1233.0,-33.44762,-70.610901,2.0,0.0,2.0,26.3,32.5,0.0,26.0,7.0,44.9
2025-09-20T12:31:33,1232.0,-33.447956,-70.610794,0.0,0.0,1.0,26.3,32.6,0.0,26.0,7.0,41.1
2025-09-20T12:31:30,1231.0,-33.448238,-70.610695,1.0,0.0,2.0,26.3,32.5,0.0,26.0,8.0,33.1
2025-09-20T12:31:27,1230.0,-33.448456,-70.610626,0.0,0.0,1.0,26.3,32.6,0.0,26.0,9.0,20.5
2025-09-20T12:31:24,1229.0,-33.448589,-70.610588,0.0,0.0,1.0,26.3,32.6,0.0,26.0,8.0,14.9
2025-09-20T12:31:21,1228.0,-33.448639,-70.610565,1.0,0.0,1.0,26.3,32.6,0.0,26.0,7.0,0.0
2025-09-20T12:31:18,1227.0,-33.448639,-70.610565,0.0,0.0,0.0,26.3,32.6,0.0,26.0,7.0,0.0
2025-09-20T12:31:15,1226.0,-33.448639,-70.610565,1.0,0.0,1.0,26.3,32.6,0.0,26.0,7.0,0.0
2025-09-20T12:31:12,1225.0,-33.448639,-70.610565,0.0,0.0,0.0,26.3,32.6,0.0,26.0,8.0,0.0
2025-09-20T12:31:09,1224.0,-33.448639,-70.610565,1.0,0.0,1.0,26.3,32.6,0.0,31.0,7.0,0.0
2025-09-20T12:31:06,1223.0,-33.448639,-70.610565,1.0,0.0,1.0,26.2,32.6,0.0,31.0,7.0,0.0
2025-09-20T12:31:03,1222.0,-33.448639,-70.610565,0.0,0.0,0.0,26.3,32.8,0.0,31.0,7.0,0.0
2025-09-20T12:31:00,1221.0,-33.448639,-70.610565,1.0,0.0,1.0,26.3,32.7,0.0,31.0,7.0,0.0
2025-09-20T12:30:57,1220.0,-33.448639,-70.610565,1.0,0.0,1.0,26.3,32.6,0.0,31.0,7.0,0.0
2025-09-20T12:30:54,1219.0,-33.448639,-70.610565,0.0,0.0,0.0,26.3,32.6,0.0,31.0,7.0,0.0
2025-09-20T12:30:51,1218.0,-33.448639,-70.610565,0.0,0.0,0.0,26.3,32.7,0.0,31.0,9.0,0.0
2025-09-20T12:30:48,1217.0,-33.448639,-70.610573,1.0,0.0,1.0,26.3,32.7,0.0,31.0,8.0,0.0
2025-09-20T12:30:45,1216.0,-33.448639,-70.610573,1.0,0.0,1.0,26.3,32.8,0.0,31.0,8.0,0.0
2025-09-20T12:30:42,1215.0,-33.448639,-70.610573,0.0,0.0,0.0,26.3,32.8,0.0,31.0,9.0,0.0
2025-09-20T12:30:39,1214.0,-33.448639,-70.610573,0.0,0.0,0.0,26.3,32.9,0.0,31.0,9.0,0.0
2025-09-20T12:30:36,1213.0,-33.448643,-70.610565,1.0,0.0,1.0,26.3,32.8,0.0,31.0,8.0,2.5
2025-09-20T12:30:33,1212.0,-33.448711,-70.61055,1.0,0.0,1.0,26.3,33.0,0.0,31.0,8.0,18.6
2025-09-20T12:30:30,1211.0,-33.44891,-70.610481,0.0,0.0,0.0,26.2,33.2,0.0,31.0,8.0,35.4
2025-09-20T12:30:27,1210.0,-33.449211,-70.610382,1.0,0.0,1.0,26.2,33.2,0.0,31.0,9.0,42.3
2025-09-20T12:30:24,1209.0,-33.449516,-70.610283,1.0,0.0,1.0,26.3,33.1,0.0,31.0,9.0,41.3
2025-09-20T12:30:20,1208.0,-33.449821,-70.610176,1.0,0.0,1.0,26.3,33.2,0.0,31.0,8.0,40.1
2025-09-20T12:30:17,1207.0,-33.450104,-70.610077,0.0,0.0,0.0,26.3,33.4,0.0,31.0,9.0,35.9
2025-09-20T12:30:14,1206.0,-33.450367,-70.610001,1.0,0.0,1.0,26.2,33.3,0.0,31.0,9.0,35.6
2025-09-20T12:30:11,1205.0,-33.450626,-70.609924,0.0,0.0,0.0,26.3,33.5,0.0,31.0,9.0,33.3
2025-09-20T12:30:08,1204.0,-33.450867,-70.609848,0.0,0.0,0.0,26.2,33.6,0.0,31.0,9.0,32.5
2025-09-20T12:30:05,1203.0,-33.451077,-70.609764,1.0,0.0,1.0,26.3,33.5,0.0,31.0,9.0,24.2
2025-09-20T12:30:02,1202.0,-33.451241,-70.609711,1.0,0.0,1.0,26.2,33.6,0.0,31.0,8.0,15.8
2025-09-20T12:29:59,1201.0,-33.45134,-70.609665,0.0,0.0,0.0,26.3,33.5,0.0,31.0,8.0,14.4
2025-09-20T12:29:56,1200.0,-33.45145,-70.609634,1.0,0.0,1.0,26.2,33.7,0.0,31.0,9.0,19.8
2025-09-20T12:29:53,1199.0,-33.451599,-70.609589,1.0,0.0,1.0,26.2,33.8,0.0,31.0,9.0,23.1
2025-09-20T12:29:50,1198.0,-33.451794,-70.609528,1.0,0.0,1.0,26.3,33.9,0.0,31.0,9.0,27.7
2025-09-20T12:29:47,1197.0,-33.452007,-70.609444,0.0,0.0,0.0,26.2,34.0,0.0,31.0,8.0,38.9
2025-09-20T12:29:44,1196.0,-33.452305,-70.609344,0.0,0.0,0.0,26.2,34.1,0.0,31.0,8.0,41.9
2025-09-20T12:29:41,1195.0,-33.452595,-70.609261,0.0,0.0,0.0,26.2,34.4,0.0,31.0,9.0,38.2
2025-09-20T12:29:38,1194.0,-33.452869,-70.609154,0.0,0.0,0.0,26.2,34.2,0.0,31.0,9.0,35.6
2025-09-20T12:29:35,1193.0,-33.453136,-70.609077,1.0,0.0,1.0,26.2,34.4,0.0,31.0,8.0,35.6
2025-09-20T12:29:32,1192.0,-33.453415,-70.608978,0.0,0.0,1.0,26.2,34.5,0.0,31.0,7.0,38.4
2025-09-20T12:29:29,1191.0,-33.45369,-70.60891,1.0,0.0,1.0,26.2,34.6,0.0,31.0,7.0,36.0
2025-09-20T12:29:26,1190.0,-33.454037,-70.608925,1.0,0.0,1.0,26.2,34.7,0.0,31.0,7.0,35.5
2025-09-20T12:29:23,1189.0,-33.454277,-70.608978,0.0,0.0,0.0,26.2,34.7,0.0,31.0,8.0,29.9
2025-09-20T12:29:20,1188.0,-33.454517,-70.609016,0.0,0.0,0.0,26.2,34.7,0.0,31.0,8.0,34.0
2025-09-20T12:29:17,1187.0,-33.454769,-70.609055,1.0,0.0,1.0,26.2,34.8,0.0,31.0,8.0,30.2
2025-09-20T12:29:14,1186.0,-33.455002,-70.609085,1.0,0.0,1.0,26.2,34.5,0.0,31.0,8.0,34.6
2025-09-20T12:29:11,1185.0,-33.455261,-70.609123,0.0,0.0,0.0,26.2,34.6,0.0,31.0,8.0,33.2
2025-09-20T12:29:08,1184.0,-33.455471,-70.609161,1.0,0.0,1.0,26.2,34.4,0.0,22.0,9.0,25.1
2025-09-20T12:29:05,1183.0,-33.455647,-70.609192,2.0,0.0,2.0,26.2,34.5,0.0,22.0,8.0,18.4
2025-09-20T12:29:02,1182.0,-33.455791,-70.609215,2.0,0.0,2.0,26.2,34.7,0.0,22.0,8.0,0.0
2025-09-20T12:28:59,1181.0,-33.455807,-70.609215,2.0,0.0,2.0,26.2,34.7,0.0,22.0,7.0,0.0
2025-09-20T12:28:56,1180.0,-33.455807,-70.609215,1.0,0.0,1.0,26.1,34.6,0.0,22.0,9.0,0.0
2025-09-20T12:28:53,1179.0,-33.455811,-70.609215,2.0,0.0,2.0,26.2,34.5,0.0,22.0,9.0,1.0
2025-09-20T12:28:50,1178.0,-33.455833,-70.609215,1.0,0.0,1.0,26.2,34.5,0.0,22.0,8.0,7.3
2025-09-20T12:28:47,1177.0,-33.455956,-70.609238,1.0,0.0,1.0,26.1,34.4,0.0,22.0,8.0,32.8
2025-09-20T12:28:44,1176.0,-33.456192,-70.609261,2.0,0.0,2.0,26.1,34.6,0.0,22.0,8.0,29.7
2025-09-20T12:28:41,1175.0,-33.45644,-70.609291,2.0,0.0,2.0,26.1,34.3,0.0,22.0,8.0,32.0
2025-09-20T12:28:38,1174.0,-33.456654,-70.609314,2.0,0.0,2.0,26.1,34.6,0.0,22.0,8.0,21.9
2025-09-20T12:28:35,1173.0,-33.456772,-70.609436,2.0,0.0,2.0,26.1,34.6,0.0,22.0,8.0,21.7
2025-09-20T12:28:32,1172.0,-33.456776,-70.609612,2.0,0.0,2.0,26.1,34.6,0.0,22.0,8.0,19.0
2025-09-20T12:28:29,1171.0,-33.456753,-70.609787,2.0,0.0,2.0,26.1,34.7,0.0,22.0,8.0,22.9
2025-09-20T12:28:26,1170.0,-33.456745,-70.609909,1.0,0.0,1.0,26.1,34.7,0.0,22.0,7.0,0.0
2025-09-20T12:28:23,1169.0,-33.456745,-70.609909,1.0,0.0,2.0,26.1,34.8,0.0,22.0,7.0,0.0
2025-09-20T12:28:20,1168.0,-33.456741,-70.609909,2.0,0.0,3.0,26.1,34.6,0.0,22.0,9.0,3.2
2025-09-20T12:28:17,1167.0,-33.456741,-70.610001,1.0,0.0,2.0,26.1,34.7,0.0,22.0,9.0,18.8
2025-09-20T12:28:14,1166.0,-33.456726,-70.610237,2.0,0.0,2.0,26.0,34.7,0.0,22.0,9.0,32.9
2025-09-20T12:28:11,1165.0,-33.456676,-70.610542,2.0,0.0,2.0,26.1,34.4,0.0,22.0,8.0,35.9
2025-09-20T12:28:08,1164.0,-33.456646,-70.610855,2.0,0.0,2.0,26.0,34.6,0.0,27.0,7.0,38.6
2025-09-20T12:28:05,1163.0,-33.456604,-70.611191,2.0,0.0,2.0,26.0,34.5,0.0,27.0,7.0,36.0
2025-09-20T12:28:01,1162.0,-33.456577,-70.611496,0.0,0.0,0.0,26.0,34.6,0.0,27.0,9.0,24.7
2025-09-20T12:27:59,1161.0,-33.456558,-70.611679,1.0,0.0,1.0,26.0,34.6,0.0,27.0,9.0,19.8
2025-09-20T12:27:55,1160.0,-33.456543,-70.611778,0.0,0.0,0.0,26.0,34.6,0.0,27.0,9.0,3.4
2025-09-20T12:27:52,1159.0,-33.456543,-70.611847,1.0,0.0,1.0,26.0,34.7,0.0,27.0,9.0,11.6
2025-09-20T12:27:49,1158.0,-33.456532,-70.612015,0.0,0.0,0.0,26.0,34.7,0.0,27.0,8.0,29.5
2025-09-20T12:27:46,1157.0,-33.456486,-70.612358,0.0,0.0,0.0,26.0,34.7,0.0,27.0,8.0,47.6
2025-09-20T12:27:43,1156.0,-33.45644,-70.612793,0.0,0.0,0.0,26.0,34.7,0.0,27.0,8.0,48.8
2025-09-20T12:27:40,1155.0,-33.45639,-70.613228,1.0,0.0,1.0,26.0,34.6,0.0,27.0,7.0,46.8
2025-09-20T12:27:37,1154.0,-33.456341,-70.613647,2.0,0.0,2.0,26.0,34.6,0.0,27.0,8.0,44.4
2025-09-20T12:27:34,1153.0,-33.456299,-70.614044,2.0,0.0,2.0,25.9,34.6,0.0,27.0,8.0,42.8
2025-09-20T12:27:31,1152.0,-33.456249,-70.61441,2.0,0.0,2.0,26.0,34.6,0.0,27.0,8.0,42.6
2025-09-20T12:27:28,1151.0,-33.456242,-70.614815,2.0,0.0,2.0,26.0,34.6,0.0,27.0,9.0,39.9
2025-09-20T12:27:25,1150.0,-33.456181,-70.615173,1.0,0.0,1.0,26.0,34.7,0.0,27.0,9.0,39.9
2025-09-20T12:27:22,1149.0,-33.45615,-70.615517,1.0,0.0,1.0,25.9,34.3,0.0,27.0,8.0,42.1
2025-09-20T12:27:19,1148.0,-33.4561,-70.616028,1.0,0.0,1.0,25.9,34.4,0.0,27.0,8.0,41.4
2025-09-20T12:27:16,1147.0,-33.456059,-70.616409,2.0,0.0,2.0,25.9,34.6,0.0,27.0,9.0,44.9
2025-09-20T12:27:13,1146.0,-33.456017,-70.616776,1.0,0.0,1.0,25.9,34.3,0.0,27.0,9.0,39.8
2025-09-20T12:27:10,1145.0,-33.455978,-70.617134,1.0,0.0,1.0,25.9,34.5,0.0,27.0,9.0,40.9
2025-09-20T12:27:07,1144.0,-33.45594,-70.617493,2.0,0.0,2.0,25.9,34.5,0.0,29.0,9.0,38.9
2025-09-20T12:27:04,1143.0,-33.455906,-70.617821,2.0,0.0,2.0,25.9,34.3,0.0,29.0,8.0,34.2
2025-09-20T12:27:01,1142.0,-33.455887,-70.618073,1.0,0.0,1.0,25.9,34.3,0.0,29.0,9.0,23.6
2025-09-20T12:26:58,1141.0,-33.455872,-70.618256,1.0,0.0,1.0,25.9,34.3,0.0,29.0,9.0,20.2
2025-09-20T12:26:55,1140.0,-33.455853,-70.618355,2.0,0.0,2.0,25.9,34.6,0.0,29.0,8.0,0.0
2025-09-20T12:26:52,1139.0,-33.455853,-70.618355,1.0,0.0,1.0,25.8,34.2,0.0,29.0,8.0,0.0
2025-09-20T12:26:49,1138.0,-33.455856,-70.618347,2.0,0.0,2.0,25.8,34.1,0.0,29.0,9.0,4.1
2025-09-20T12:26:46,1137.0,-33.455849,-70.61837,1.0,0.0,1.0,25.9,34.2,0.0,29.0,9.0,4.5
2025-09-20T12:26:43,1136.0,-33.455841,-70.618469,2.0,0.0,2.0,25.9,34.1,0.0,29.0,9.0,17.3
2025-09-20T12:26:40,1135.0,-33.455811,-70.61866,1.0,0.0,1.0,25.8,34.3,0.0,29.0,10.0,32.0
2025-09-20T12:26:37,1134.0,-33.45578,-70.619003,1.0,0.0,1.0,25.8,34.3,0.0,29.0,10.0,43.3
2025-09-20T12:26:34,1133.0,-33.45573,-70.619408,1.0,0.0,1.0,25.8,34.2,0.0,29.0,9.0,48.5
2025-09-20T12:26:31,1132.0,-33.455685,-70.619865,2.0,0.0,2.0,25.8,34.3,0.0,29.0,9.0,47.8
2025-09-20T12:26:28,1131.0,-33.455639,-70.6203,1.0,0.0,1.0,25.8,34.2,0.0,29.0,9.0,47.7
2025-09-20T12:26:25,1130.0,-33.455601,-70.620712,1.0,0.0,1.0,25.8,34.2,0.0,29.0,8.0,46.7
2025-09-20T12:26:21,1129.0,-33.455551,-70.621132,2.0,0.0,2.0,25.8,34.2,0.0,29.0,8.0,48.6
2025-09-20T12:26:18,1128.0,-33.455505,-70.621559,1.0,0.0,1.0,25.8,34.3,0.0,29.0,9.0,47.0
2025-09-20T12:26:15,1127.0,-33.455467,-70.621979,2.0,0.0,2.0,25.8,34.3,0.0,29.0,9.0,45.8
2025-09-20T12:26:12,1126.0,-33.455425,-70.622368,2.0,0.0,2.0,25.8,34.3,0.0,29.0,9.0,41.4
2025-09-20T12:26:09,1125.0,-33.455387,-70.622734,1.0,0.0,2.0,25.7,34.3,0.0,29.0,10.0,45.0
2025-09-20T12:26:06,1124.0,-33.455349,-70.623184,1.0,0.0,1.0,25.7,34.3,0.0,31.0,10.0,55.3
2025-09-20T12:26:03,1123.0,-33.455296,-70.623695,2.0,0.0,2.0,25.7,34.2,0.0,31.0,9.0,58.0
2025-09-20T12:26:00,1122.0,-33.455242,-70.624214,1.0,0.0,1.0,25.8,34.2,0.0,31.0,10.0,55.2
2025-09-20T12:25:57,1121.0,-33.455189,-70.62471,1.0,0.0,1.0,25.7,34.1,0.0,31.0,9.0,56.0
2025-09-20T12:25:54,1120.0,-33.455139,-70.625214,1.0,0.0,1.0,25.7,34.1,0.0,31.0,8.0,52.1
2025-09-20T12:25:51,1119.0,-33.455109,-70.625656,0.0,0.0,0.0,25.7,34.1,0.0,31.0,9.0,46.1
2025-09-20T12:25:48,1118.0,-33.455154,-70.626053,2.0,0.0,2.0,25.7,34.2,0.0,31.0,9.0,44.9
2025-09-20T12:25:45,1117.0,-33.455238,-70.626381,1.0,0.0,1.0,25.7,34.1,0.0,31.0,8.0,32.6
2025-09-20T12:25:42,1116.0,-33.455326,-70.626656,1.0,0.0,1.0,25.7,34.1,0.0,31.0,8.0,33.1
2025-09-20T12:25:39,1115.0,-33.455326,-70.626953,2.0,0.0,2.0,25.7,34.0,0.0,31.0,9.0,39.6
2025-09-20T12:25:36,1114.0,-33.455288,-70.627327,2.0,0.0,2.0,25.7,34.2,0.0,31.0,10.0,43.4
2025-09-20T12:25:33,1113.0,-33.455284,-70.627678,2.0,0.0,2.0,25.7,34.1,0.0,31.0,9.0,36.6
2025-09-20T12:25:30,1112.0,-33.455269,-70.628014,2.0,0.0,2.0,25.6,34.3,0.0,31.0,8.0,35.7
2025-09-20T12:25:27,1111.0,-33.455307,-70.628426,2.0,0.0,2.0,25.6,34.1,0.0,31.0,10.0,34.2
2025-09-20T12:25:24,1110.0,-33.455364,-70.628731,2.0,0.0,2.0,25.7,34.2,0.0,31.0,9.0,35.5
2025-09-20T12:25:21,1109.0,-33.455425,-70.629044,2.0,0.0,2.0,25.6,34.2,0.0,31.0,9.0,35.1
2025-09-20T12:25:18,1108.0,-33.455486,-70.629372,1.0,0.0,1.0,25.6,34.1,0.0,31.0,8.0,42.2
2025-09-20T12:25:15,1107.0,-33.45557,-70.629715,1.0,0.0,1.0,25.6,34.1,0.0,31.0,9.0,39.0
2025-09-20T12:25:12,1106.0,-33.455662,-70.630035,0.0,0.0,0.0,25.6,34.3,0.0,31.0,9.0,36.8
2025-09-20T12:25:09,1105.0,-33.455734,-70.630348,1.0,0.0,1.0,25.6,34.2,0.0,31.0,9.0,31.3
2025-09-20T12:25:06,1104.0,-33.45578,-70.630577,1.0,0.0,1.0,25.6,34.0,0.0,22.0,8.0,20.9
2025-09-20T12:25:03,1103.0,-33.455788,-70.630753,0.0,0.0,0.0,25.6,34.2,0.0,22.0,7.0,18.9
2025-09-20T12:25:00,1102.0,-33.455826,-70.630859,1.0,0.0,1.0,25.6,34.3,0.0,22.0,8.0,6.6
2025-09-20T12:24:57,1101.0,-33.455826,-70.630882,1.0,0.0,1.0,25.6,34.4,0.0,22.0,7.0,0.0
2025-09-20T12:24:54,1100.0,-33.455822,-70.63089,2.0,0.0,2.0,25.6,34.2,0.0,22.0,7.0,1.3
2025-09-20T12:24:51,1099.0,-33.455826,-70.630905,2.0,0.0,2.0,25.6,34.2,0.0,22.0,6.0,5.7
2025-09-20T12:24:48,1098.0,-33.455841,-70.630997,2.0,0.0,2.0,25.5,34.4,0.0,22.0,8.0,18.1
2025-09-20T12:24:45,1097.0,-33.455906,-70.631172,2.0,0.0,2.0,25.5,34.3,0.0,22.0,7.0,20.0
2025-09-20T12:24:42,1096.0,-33.456047,-70.631226,1.0,0.0,1.0,25.5,34.1,0.0,22.0,9.0,24.7
2025-09-20T12:24:39,1095.0,-33.456249,-70.631172,1.0,0.0,1.0,25.5,34.3,0.0,22.0,9.0,34.1
2025-09-20T12:24:35,1094.0,-33.456509,-70.631088,2.0,0.0,2.0,25.5,34.3,0.0,22.0,9.0,33.8
2025-09-20T12:24:33,1093.0,-33.456757,-70.631027,2.0,0.0,2.0,25.5,34.2,0.0,22.0,9.0,34.5
2025-09-20T12:24:30,1092.0,-33.456989,-70.630974,3.0,1.0,3.0,25.5,34.2,0.0,22.0,9.0,29.9
2025-09-20T12:24:26,1091.0,-33.457188,-70.63092,3.0,1.0,3.0,25.5,34.0,0.0,22.0,7.0,24.1
2025-09-20T12:24:24,1090.0,-33.457348,-70.630867,3.0,1.0,3.0,25.5,34.2,0.0,22.0,7.0,15.1
2025-09-20T12:24:21,1089.0,-33.457447,-70.630829,3.0,1.0,3.0,25.5,34.2,0.0,22.0,8.0,13.1
2025-09-20T12:24:17,1088.0,-33.457516,-70.630798,2.0,0.0,2.0,25.5,34.2,0.0,22.0,8.0,4.7
2025-09-20T12:24:14,1087.0,-33.457523,-70.630791,3.0,1.0,3.0,25.5,34.3,0.0,22.0,7.0,0.0
2025-09-20T12:24:11,1086.0,-33.45752,-70.630798,3.0,1.0,3.0,25.5,34.5,0.0,22.0,7.0,0.0
2025-09-20T12:24:08,1085.0,-33.45752,-70.630798,2.0,0.0,2.0,25.4,34.6,0.0,22.0,7.0,0.0
2025-09-20T12:24:05,1084.0,-33.45752,-70.630798,3.0,1.0,3.0,25.5,34.7,0.0,24.0,7.0,0.0
2025-09-20T12:24:02,1083.0,-33.457527,-70.630798,3.0,1.0,3.0,25.4,34.8,0.0,24.0,6.0,0.0
2025-09-20T12:23:59,1082.0,-33.457527,-70.630798,2.0,0.0,2.0,25.4,35.0,0.0,24.0,6.0,0.0
2025-09-20T12:23:56,1081.0,-33.457531,-70.630783,2.0,1.0,2.0,25.4,35.0,0.0,24.0,6.0,0.0
2025-09-20T12:23:53,1080.0,-33.457531,-70.630783,3.0,1.0,3.0,25.4,35.3,0.0,24.0,7.0,0.0
2025-09-20T12:23:51,1079.0,-33.457531,-70.630783,3.0,1.0,3.0,25.4,35.3,0.0,24.0,8.0,0.0
2025-09-20T12:23:47,1078.0,-33.457535,-70.630775,2.0,0.0,2.0,25.4,35.3,0.0,24.0,6.0,0.0
2025-09-20T12:23:44,1077.0,-33.457535,-70.630775,2.0,0.0,2.0,25.4,35.3,0.0,24.0,6.0,1.2
2025-09-20T12:23:41,1076.0,-33.457531,-70.630783,3.0,1.0,3.0,25.4,35.4,0.0,24.0,7.0,0.0
2025-09-20T12:23:38,1075.0,-33.457531,-70.630783,2.0,0.0,2.0,25.4,35.3,0.0,24.0,7.0,0.0
2025-09-20T12:23:35,1074.0,-33.457531,-70.630783,2.0,0.0,2.0,25.4,35.3,0.0,24.0,7.0,0.0
2025-09-20T12:23:32,1073.0,-33.457531,-70.630783,2.0,0.0,2.0,25.3,35.2,0.0,24.0,7.0,0.0
2025-09-20T12:23:29,1072.0,-33.457531,-70.630783,3.0,1.0,3.0,25.3,35.3,0.0,24.0,7.0,0.0
2025-09-20T12:23:26,1071.0,-33.457531,-70.630783,2.0,0.0,2.0,25.3,35.3,0.0,24.0,7.0,0.0
2025-09-20T12:23:23,1070.0,-33.457531,-70.630783,3.0,1.0,3.0,25.3,35.3,0.0,24.0,7.0,0.0
2025-09-20T12:23:20,1069.0,-33.457531,-70.630783,3.0,1.0,3.0,25.3,35.3,0.0,24.0,7.0,0.0
2025-09-20T12:23:17,1068.0,-33.457531,-70.630783,3.0,1.0,3.0,25.3,35.4,0.0,24.0,7.0,0.0
2025-09-20T12:23:14,1067.0,-33.457531,-70.630783,3.0,1.0,3.0,25.3,35.3,0.0,24.0,7.0,0.0
2025-09-20T12:23:11,1066.0,-33.457531,-70.630783,2.0,0.0,2.0,25.3,35.3,0.0,24.0,7.0,0.0
2025-09-20T12:23:08,1065.0,-33.457531,-70.630783,2.0,0.0,2.0,25.3,35.3,0.0,24.0,7.0,0.0
2025-09-20T12:23:05,1064.0,-33.457531,-70.630783,3.0,1.0,3.0,25.3,35.3,0.0,24.0,7.0,0.0
2025-09-20T12:23:02,1063.0,-33.457531,-70.630783,2.0,0.0,2.0,25.3,35.4,0.0,24.0,7.0,0.0
2025-09-20T12:22:59,1062.0,-33.457531,-70.630783,3.0,1.0,3.0,25.3,35.4,0.0,24.0,7.0,0.0
2025-09-20T12:22:56,1061.0,-33.457527,-70.630791,2.0,0.0,2.0,25.3,35.4,0.0,24.0,7.0,0.0
2025-09-20T12:22:53,1060.0,-33.457523,-70.630791,3.0,1.0,3.0,25.2,35.3,0.0,24.0,7.0,0.0
2025-09-20T12:22:50,1059.0,-33.457523,-70.630791,3.0,0.0,3.0,25.2,35.4,0.0,24.0,7.0,0.0
2025-09-20T12:22:47,1058.0,-33.457523,-70.630791,5.0,2.0,5.0,25.3,35.3,0.0,24.0,6.0,0.0
2025-09-20T12:22:44,1057.0,-33.457523,-70.630791,5.0,2.0,5.0,25.2,35.2,0.0,24.0,6.0,0.0
2025-09-20T12:22:41,1056.0,-33.457523,-70.630791,4.0,2.0,4.0,25.2,35.4,0.0,24.0,6.0,0.0
2025-09-20T12:22:37,1055.0,-33.457523,-70.630791,4.0,2.0,4.0,25.2,35.6,0.0,24.0,5.0,0.0
2025-09-20T12:22:34,1054.0,-33.457523,-70.630791,3.0,1.0,3.0,25.2,35.4,0.0,24.0,5.0,0.0
2025-09-20T12:22:31,1053.0,-33.457523,-70.630791,3.0,1.0,3.0,25.2,35.5,0.0,24.0,6.0,0.0
2025-09-20T12:22:28,1052.0,-33.457523,-70.630791,3.0,1.0,3.0,25.2,35.6,0.0,24.0,6.0,0.0
2025-09-20T12:22:25,1051.0,-33.457523,-70.630791,4.0,2.0,4.0,25.2,35.4,0.0,24.0,5.0,0.0
2025-09-20T12:22:22,1050.0,-33.457523,-70.630791,5.0,2.0,5.0,25.2,35.3,0.0,24.0,5.0,0.0
2025-09-20T12:22:19,1049.0,-33.457523,-70.630791,4.0,2.0,4.0,25.2,35.5,0.0,24.0,5.0,0.0
2025-09-20T12:22:16,1048.0,-33.457527,-70.630791,5.0,3.0,5.0,25.2,35.6,0.0,24.0,5.0,0.0
2025-09-20T12:22:13,1047.0,-33.457527,-70.630783,4.0,2.0,4.0,25.2,35.5,0.0,24.0,4.0,0.0
2025-09-20T12:22:10,1046.0,-33.457527,-70.630783,5.0,3.0,5.0,25.1,35.4,0.0,24.0,5.0,0.0
2025-09-20T12:22:07,1045.0,-33.457527,-70.630783,5.0,3.0,5.0,25.1,35.7,0.0,24.0,6.0,0.0
2025-09-20T12:22:04,1044.0,-33.457527,-70.630775,4.0,2.0,4.0,25.1,35.7,0.0,23.0,6.0,0.0
2025-09-20T12:22:01,1043.0,-33.457527,-70.630775,3.0,1.0,3.0,25.1,35.8,0.0,23.0,7.0,0.0
2025-09-20T12:21:58,1042.0,-33.457527,-70.630775,4.0,2.0,4.0,25.1,35.8,0.0,23.0,7.0,0.0
2025-09-20T12:21:55,1041.0,-33.457527,-70.630775,3.0,1.0,3.0,25.1,35.7,0.0,23.0,5.0,0.0
2025-09-20T12:21:52,1040.0,-33.457527,-70.630768,3.0,1.0,3.0,25.1,35.9,0.0,23.0,5.0,0.0
2025-09-20T12:21:49,1039.0,-33.457527,-70.630768,2.0,0.0,2.0,25.1,35.7,0.0,23.0,5.0,0.0
2025-09-20T12:21:46,1038.0,-33.457527,-70.630768,3.0,1.0,3.0,25.1,35.8,0.0,23.0,5.0,0.0
2025-09-20T12:21:43,1037.0,-33.457527,-70.630768,2.0,0.0,2.0,25.0,35.7,0.0,23.0,5.0,0.0
2025-09-20T12:21:40,1036.0,-33.457527,-70.630768,2.0,0.0,2.0,25.0,35.7,0.0,23.0,5.0,0.0
2025-09-20T12:21:37,1035.0,-33.457527,-70.630768,2.0,1.0,2.0,25.0,35.9,0.0,23.0,6.0,0.0
2025-09-20T12:21:34,1034.0,-33.457527,-70.630768,4.0,2.0,4.0,25.0,35.9,0.0,23.0,6.0,0.0
2025-09-20T12:21:31,1033.0,-33.457527,-70.630768,4.0,2.0,4.0,25.0,35.9,0.0,23.0,5.0,0.0
2025-09-20T12:21:28,1032.0,-33.457527,-70.630768,4.0,2.0,4.0,25.0,35.9,0.0,23.0,5.0,0.0
2025-09-20T12:21:25,1031.0,-33.457527,-70.630768,4.0,2.0,4.0,25.0,35.9,0.0,23.0,5.0,0.0
2025-09-20T12:21:22,1030.0,-33.457527,-70.630768,4.0,2.0,4.0,25.0,35.8,0.0,23.0,5.0,0.0
2025-09-20T12:21:19,1029.0,-33.457527,-70.630768,4.0,2.0,4.0,24.9,35.9,0.0,23.0,5.0,0.0
2025-09-20T12:21:16,1028.0,-33.457527,-70.630768,2.0,1.0,2.0,24.9,36.0,0.0,23.0,5.0,0.0
2025-09-20T12:21:13,1027.0,-33.457527,-70.630768,2.0,1.0,2.0,25.0,36.1,0.0,23.0,5.0,0.0
2025-09-20T12:21:10,1026.0,-33.457527,-70.630768,2.0,1.0,2.0,25.0,36.0,0.0,23.0,5.0,0.0
2025-09-20T12:21:07,1025.0,-33.457527,-70.630768,3.0,2.0,3.0,24.9,36.1,0.0,23.0,6.0,0.0
2025-09-20T12:21:04,1024.0,-33.457527,-70.630768,2.0,1.0,2.0,24.9,36.0,0.0,24.0,6.0,0.0
2025-09-20T12:21:01,1023.0,-33.457527,-70.63076,2.0,1.0,2.0,24.9,36.1,0.0,24.0,6.0,0.0
2025-09-20T12:20:58,1022.0,-33.457527,-70.63076,3.0,2.0,3.0,24.9,36.1,0.0,24.0,6.0,0.0
2025-09-20T12:20:55,1021.0,-33.457527,-70.63076,2.0,1.0,2.0,24.9,36.1,0.0,24.0,6.0,0.0
2025-09-20T12:20:52,1020.0,-33.457527,-70.63076,2.0,1.0,2.0,24.9,36.1,0.0,24.0,6.0,0.0
2025-09-20T12:20:49,1019.0,-33.457527,-70.63076,3.0,2.0,3.0,24.8,36.1,0.0,24.0,6.0,0.0
2025-09-20T12:20:46,1018.0,-33.457527,-70.63076,2.0,1.0,2.0,24.8,36.1,0.0,24.0,5.0,0.0
2025-09-20T12:20:42,1017.0,-33.457527,-70.63076,2.0,1.0,2.0,24.8,36.0,0.0,24.0,6.0,0.0
2025-09-20T12:20:39,1016.0,-33.457527,-70.63076,2.0,1.0,2.0,24.8,36.1,0.0,24.0,7.0,0.0
2025-09-20T12:20:36,1015.0,-33.457527,-70.63076,4.0,2.0,4.0,24.8,36.1,0.0,24.0,7.0,0.0
2025-09-20T12:20:34,1014.0,-33.457527,-70.63076,4.0,2.0,4.0,24.8,36.2,0.0,24.0,6.0,0.0
2025-09-20T12:20:30,1013.0,-33.457527,-70.63076,3.0,1.0,3.0,24.8,36.0,0.0,24.0,6.0,0.0
2025-09-20T12:20:27,1012.0,-33.457527,-70.63076,2.0,1.0,3.0,24.7,36.2,0.0,24.0,5.0,0.0
2025-09-20T12:20:24,1011.0,-33.457527,-70.63076,2.0,1.0,3.0,24.7,36.3,0.0,24.0,5.0,0.0
2025-09-20T12:20:21,1010.0,-33.457527,-70.63076,3.0,2.0,4.0,24.7,36.1,0.0,24.0,5.0,0.0
2025-09-20T12:20:18,1009.0,-33.457527,-70.63076,2.0,1.0,3.0,24.7,36.2,0.0,24.0,5.0,0.0
2025-09-20T12:20:15,1008.0,-33.457527,-70.630768,2.0,1.0,3.0,24.7,36.2,0.0,24.0,5.0,0.0
2025-09-20T12:20:12,1007.0,-33.457527,-70.630768,3.0,2.0,4.0,24.7,36.0,0.0,24.0,6.0,0.0
2025-09-20T12:20:09,1006.0,-33.457531,-70.63076,2.0,1.0,2.0,24.7,36.1,0.0,24.0,7.0,0.0
2025-09-20T12:20:06,1005.0,-33.457531,-70.63076,3.0,2.0,3.0,24.7,36.1,0.0,24.0,5.0,0.0
2025-09-20T12:20:03,1004.0,-33.457531,-70.63076,3.0,2.0,3.0,24.7,36.2,0.0,23.0,8.0,0.0
2025-09-20T12:20:00,1003.0,-33.457531,-70.63076,3.0,1.0,3.0,24.7,36.3,0.0,23.0,8.0,0.0
2025-09-20T12:19:57,1002.0,-33.457531,-70.63076,4.0,2.0,4.0,24.7,36.2,0.0,23.0,7.0,0.0
2025-09-20T12:19:54,1001.0,-33.457531,-70.63076,4.0,2.0,4.0,24.7,36.3,0.0,23.0,7.0,0.0
2025-09-20T12:19:51,1000.0,-33.457531,-70.63076,5.0,3.0,5.0,24.7,36.2,0.0,23.0,7.0,0.0
2025-09-20T12:19:48,999.0,-33.457531,-70.63076,3.0,2.0,3.0,24.6,36.3,0.0,23.0,7.0,0.0
2025-09-20T12:19:45,998.0,-33.457531,-70.63076,3.0,2.0,3.0,24.6,36.3,0.0,23.0,7.0,0.0
2025-09-20T12:19:42,997.0,-33.457531,-70.63076,4.0,3.0,4.0,24.6,36.4,0.0,23.0,7.0,0.0
2025-09-20T12:19:39,996.0,-33.457531,-70.63076,3.0,2.0,4.0,24.6,36.3,0.0,23.0,7.0,0.0
2025-09-20T12:19:36,995.0,-33.457531,-70.63076,3.0,2.0,4.0,24.6,36.3,0.0,23.0,7.0,0.0
2025-09-20T12:19:33,994.0,-33.457531,-70.63076,5.0,3.0,6.0,24.6,36.4,0.0,23.0,7.0,0.0
2025-09-20T12:19:30,993.0,-33.457531,-70.63076,4.0,2.0,5.0,24.6,36.4,0.0,23.0,7.0,0.0
2025-09-20T12:19:27,992.0,-33.457531,-70.63076,4.0,2.0,5.0,24.6,36.3,0.0,23.0,7.0,0.0
2025-09-20T12:19:24,991.0,-33.457531,-70.63076,5.0,3.0,6.0,24.6,36.4,0.0,23.0,7.0,0.0
2025-09-20T12:19:21,990.0,-33.457531,-70.63076,5.0,3.0,6.0,24.5,36.3,0.0,23.0,7.0,0.0
2025-09-20T12:19:18,989.0,-33.457531,-70.63076,4.0,2.0,5.0,24.6,36.2,0.0,23.0,7.0,0.0
2025-09-20T12:19:15,988.0,-33.457531,-70.63076,4.0,2.0,5.0,24.5,36.4,0.0,23.0,5.0,0.0
2025-09-20T12:19:12,987.0,-33.457531,-70.63076,4.0,2.0,4.0,24.5,36.4,0.0,23.0,6.0,0.0
2025-09-20T12:19:09,986.0,-33.457531,-70.63076,5.0,3.0,5.0,24.5,36.3,0.0,23.0,4.0,0.0
2025-09-20T12:19:06,985.0,-33.457531,-70.63076,4.0,3.0,4.0,24.5,36.3,0.0,23.0,4.0,0.0
2025-09-20T12:19:03,984.0,-33.457531,-70.63076,3.0,3.0,3.0,24.5,36.5,0.0,23.0,4.0,0.0
2025-09-20T12:19:00,983.0,-33.457531,-70.63076,4.0,4.0,4.0,24.5,36.4,0.0,23.0,5.0,0.0
2025-09-20T12:18:57,982.0,-33.457531,-70.63076,4.0,3.0,4.0,24.5,36.3,0.0,23.0,5.0,0.0
2025-09-20T12:18:54,981.0,-33.457531,-70.63076,4.0,3.0,4.0,24.5,36.2,0.0,23.0,6.0,0.0
2025-09-20T12:18:51,980.0,-33.457531,-70.63076,3.0,2.0,3.0,24.4,36.3,0.0,23.0,6.0,0.0
2025-09-20T12:18:48,979.0,-33.457531,-70.63076,3.0,2.0,3.0,24.5,36.4,0.0,23.0,6.0,0.0
2025-09-20T12:18:45,978.0,-33.457531,-70.63076,4.0,3.0,4.0,24.5,36.4,0.0,23.0,6.0,0.0
2025-09-20T12:18:42,977.0,-33.457531,-70.63076,4.0,3.0,4.0,24.4,36.4,0.0,23.0,6.0,0.0
2025-09-20T12:18:38,976.0,-33.457531,-70.63076,4.0,4.0,4.0,24.4,36.4,0.0,23.0,6.0,0.0
2025-09-20T12:18:35,975.0,-33.457531,-70.63076,4.0,2.0,4.0,24.4,36.6,0.0,23.0,7.0,0.0
2025-09-20T12:18:32,974.0,-33.457531,-70.63076,5.0,3.0,5.0,24.4,36.5,0.0,23.0,7.0,0.0
2025-09-20T12:18:29,973.0,-33.457531,-70.63076,4.0,2.0,4.0,24.4,36.4,0.0,23.0,6.0,0.0
2025-09-20T12:18:26,972.0,-33.457531,-70.63076,4.0,2.0,4.0,24.4,36.4,0.0,23.0,6.0,0.0
2025-09-20T12:18:23,971.0,-33.457531,-70.63076,3.0,1.0,3.0,24.4,36.5,0.0,23.0,7.0,0.0
2025-09-20T12:18:20,970.0,-33.457531,-70.63076,4.0,2.0,4.0,24.4,36.6,0.0,23.0,7.0,0.0
2025-09-20T12:18:17,969.0,-33.457531,-70.63076,3.0,1.0,3.0,24.3,36.4,0.0,23.0,6.0,0.0
2025-09-20T12:18:14,968.0,-33.457531,-70.63076,4.0,2.0,4.0,24.4,36.4,0.0,23.0,6.0,0.0
2025-09-20T12:18:11,967.0,-33.457531,-70.63076,5.0,2.0,5.0,24.3,36.5,0.0,23.0,7.0,0.0
2025-09-20T12:18:08,966.0,-33.457531,-70.63076,4.0,0.0,4.0,24.3,36.3,0.0,23.0,7.0,0.0
2025-09-20T12:18:05,965.0,-33.457531,-70.63076,5.0,1.0,5.0,24.3,36.4,0.0,23.0,7.0,0.0
2025-09-20T12:18:02,964.0,-33.457531,-70.63076,5.0,1.0,5.0,24.3,36.5,0.0,24.0,7.0,0.0
2025-09-20T12:17:59,963.0,-33.457531,-70.63076,5.0,1.0,5.0,24.3,36.5,0.0,24.0,6.0,0.0
2025-09-20T12:17:56,962.0,-33.457531,-70.63076,4.0,0.0,4.0,24.3,36.4,0.0,24.0,8.0,0.0
2025-09-20T12:17:53,961.0,-33.457531,-70.63076,3.0,0.0,3.0,24.3,36.4,0.0,24.0,8.0,0.0
2025-09-20T12:17:50,960.0,-33.457531,-70.63076,4.0,1.0,4.0,24.3,36.7,0.0,24.0,7.0,0.0
2025-09-20T12:17:47,959.0,-33.457531,-70.63076,4.0,1.0,4.0,24.3,36.6,0.0,24.0,6.0,0.0
2025-09-20T12:17:44,958.0,-33.457531,-70.63076,4.0,1.0,4.0,24.2,36.5,0.0,24.0,7.0,0.0
2025-09-20T12:17:41,957.0,-33.457531,-70.63076,2.0,0.0,2.0,24.2,36.5,0.0,24.0,7.0,0.0
2025-09-20T12:17:38,956.0,-33.457531,-70.63076,2.0,0.0,2.0,24.2,36.5,0.0,24.0,7.0,0.0
2025-09-20T12:17:35,955.0,-33.457531,-70.63076,3.0,2.0,3.0,24.2,36.7,0.0,24.0,7.0,0.0
2025-09-20T12:17:32,954.0,-33.457531,-70.63076,3.0,2.0,3.0,24.2,36.8,0.0,24.0,7.0,0.0
2025-09-20T12:17:29,953.0,-33.457531,-70.63076,3.0,1.0,3.0,24.2,36.8,0.0,24.0,7.0,0.0
2025-09-20T12:17:26,952.0,-33.457531,-70.63076,3.0,2.0,3.0,24.2,36.7,0.0,24.0,7.0,0.0
2025-09-20T12:17:23,951.0,-33.457531,-70.63076,5.0,3.0,5.0,24.2,36.8,0.0,24.0,7.0,0.0
2025-09-20T12:17:20,950.0,-33.457531,-70.63076,5.0,3.0,5.0,24.1,36.9,0.0,24.0,7.0,0.0
2025-09-20T12:17:17,949.0,-33.457531,-70.63076,5.0,3.0,5.0,24.1,36.9,0.0,24.0,7.0,0.0
2025-09-20T12:17:14,948.0,-33.457531,-70.63076,4.0,2.0,4.0,24.1,37.1,0.0,24.0,8.0,0.0
2025-09-20T12:17:11,947.0,-33.457531,-70.63076,3.0,2.0,3.0,24.1,37.3,0.0,24.0,7.0,0.0
2025-09-20T12:17:08,946.0,-33.457527,-70.63076,4.0,3.0,4.0,24.1,37.3,0.0,24.0,7.0,0.0
2025-09-20T12:17:05,945.0,-33.457527,-70.630753,3.0,3.0,3.0,24.1,37.4,0.0,24.0,6.0,0.0
2025-09-20T12:17:02,944.0,-33.457527,-70.630753,4.0,4.0,4.0,24.1,37.6,0.0,26.0,7.0,0.0
2025-09-20T12:16:58,943.0,-33.457527,-70.630753,3.0,3.0,3.0,24.1,37.5,0.0,26.0,7.0,0.0
2025-09-20T12:16:55,942.0,-33.457527,-70.630753,4.0,3.0,4.0,24.1,37.4,0.0,26.0,7.0,0.0
2025-09-20T12:16:52,941.0,-33.457527,-70.630753,5.0,4.0,5.0,24.1,37.6,0.0,26.0,7.0,0.0
2025-09-20T12:16:49,940.0,-33.457527,-70.630753,5.0,3.0,5.0,24.0,37.2,0.0,26.0,8.0,0.0
2025-09-20T12:16:46,939.0,-33.457527,-70.630753,6.0,4.0,6.0,24.1,37.5,0.0,26.0,7.0,0.0
2025-09-20T12:16:43,938.0,-33.457527,-70.630753,6.0,3.0,6.0,24.0,37.3,0.0,26.0,6.0,0.0
2025-09-20T12:16:40,937.0,-33.457527,-70.630753,6.0,3.0,6.0,24.0,37.4,0.0,26.0,6.0,0.0
2025-09-20T12:16:37,936.0,-33.457527,-70.630753,7.0,4.0,8.0,24.0,37.2,0.0,26.0,7.0,0.0
2025-09-20T12:16:34,935.0,-33.457527,-70.630753,7.0,4.0,8.0,24.0,37.3,0.0,26.0,7.0,0.0
2025-09-20T12:16:31,934.0,-33.457527,-70.630753,7.0,4.0,7.0,24.0,37.3,0.0,26.0,8.0,0.0
2025-09-20T12:16:28,933.0,-33.457535,-70.630753,7.0,4.0,7.0,24.0,37.3,0.0,26.0,8.0,1.0
2025-09-20T12:16:25,932.0,-33.457546,-70.630745,6.0,3.0,6.0,24.0,37.5,0.0,26.0,8.0,4.5
2025-09-20T12:16:22,931.0,-33.457569,-70.630737,6.0,4.0,6.0,24.0,37.5,0.0,26.0,8.0,3.8
2025-09-20T12:16:19,930.0,-33.4576,-70.630745,5.0,3.0,5.0,23.9,37.4,0.0,26.0,9.0,11.4
2025-09-20T12:16:16,929.0,-33.457687,-70.630745,5.0,3.0,5.0,24.0,37.4,0.0,26.0,9.0,18.6
2025-09-20T12:16:13,928.0,-33.457848,-70.630714,5.0,3.0,5.0,23.9,37.3,0.0,26.0,9.0,21.4
2025-09-20T12:16:10,927.0,-33.457989,-70.630653,4.0,2.0,4.0,24.0,37.5,0.0,26.0,8.0,18.5
2025-09-20T12:16:07,926.0,-33.458084,-70.630714,4.0,2.0,4.0,23.9,37.5,0.0,26.0,8.0,5.3
2025-09-20T12:16:04,925.0,-33.458096,-70.630753,5.0,3.0,5.0,23.9,37.4,0.0,26.0,8.0,0.0
2025-09-20T12:16:01,924.0,-33.458096,-70.630768,4.0,2.0,4.0,23.9,37.4,0.0,30.0,9.0,3.9
2025-09-20T12:15:58,923.0,-33.458126,-70.630875,5.0,3.0,5.0,23.9,37.4,0.0,30.0,7.0,24.5
2025-09-20T12:15:55,922.0,-33.458183,-70.631119,5.0,4.0,5.0,23.9,37.3,0.0,30.0,8.0,32.6
2025-09-20T12:15:52,921.0,-33.458252,-70.631416,5.0,4.0,5.0,23.8,37.4,0.0,30.0,9.0,36.3
2025-09-20T12:15:49,920.0,-33.458317,-70.631729,5.0,4.0,5.0,23.8,37.4,0.0,30.0,10.0,34.5
2025-09-20T12:15:46,919.0,-33.458389,-70.632027,4.0,3.0,4.0,23.8,37.4,0.0,30.0,10.0,31.7
2025-09-20T12:15:43,918.0,-33.458466,-70.632248,5.0,4.0,5.0,23.8,37.4,0.0,30.0,10.0,24.9
2025-09-20T12:15:40,917.0,-33.458519,-70.632462,5.0,4.0,5.0,23.8,37.3,0.0,30.0,9.0,26.4
2025-09-20T12:15:37,916.0,-33.458546,-70.63266,5.0,4.0,5.0,23.8,37.3,0.0,30.0,8.0,16.5
2025-09-20T12:15:34,915.0,-33.458447,-70.632744,4.0,3.0,4.0,23.8,37.5,0.0,30.0,8.0,22.8
2025-09-20T12:15:31,914.0,-33.458263,-70.63279,5.0,3.0,5.0,23.8,37.7,0.0,30.0,8.0,27.0
2025-09-20T12:15:28,913.0,-33.458069,-70.632843,6.0,3.0,6.0,23.8,37.7,0.0,30.0,8.0,20.9
2025-09-20T12:15:25,912.0,-33.457928,-70.632881,5.0,2.0,5.0,23.8,37.8,0.0,30.0,10.0,18.8
2025-09-20T12:15:22,911.0,-33.457771,-70.632904,5.0,3.0,6.0,23.8,37.9,0.0,30.0,10.0,28.4
2025-09-20T12:15:19,910.0,-33.457558,-70.632957,5.0,3.0,6.0,23.7,37.9,0.0,30.0,10.0,29.5
2025-09-20T12:15:16,909.0,-33.457359,-70.633011,6.0,4.0,7.0,23.7,38.0,0.0,30.0,9.0,27.6
2025-09-20T12:15:13,908.0,-33.457142,-70.633072,6.0,4.0,8.0,23.7,38.0,0.0,30.0,7.0,34.3
2025-09-20T12:15:10,907.0,-33.456902,-70.633133,6.0,4.0,8.0,23.7,38.2,0.0,30.0,9.0,33.0
2025-09-20T12:15:07,906.0,-33.456676,-70.633202,5.0,3.0,7.0,23.7,37.9,0.0,30.0,9.0,28.8
2025-09-20T12:15:04,905.0,-33.456501,-70.633255,5.0,3.0,6.0,23.7,37.9,0.0,30.0,9.0,19.5
2025-09-20T12:15:01,904.0,-33.456448,-70.633385,6.0,4.0,7.0,23.7,38.0,0.0,27.0,9.0,14.2
2025-09-20T12:14:58,903.0,-33.456459,-70.633507,5.0,2.0,6.0,23.7,38.1,0.0,27.0,8.0,8.9
2025-09-20T12:14:55,902.0,-33.456467,-70.633537,6.0,3.0,7.0,23.7,38.1,0.0,27.0,8.0,0.0
2025-09-20T12:14:52,901.0,-33.456463,-70.633537,5.0,2.0,6.0,23.7,37.9,0.0,27.0,8.0,0.0
2025-09-20T12:14:49,900.0,-33.456463,-70.633537,5.0,3.0,6.0,23.7,38.3,0.0,27.0,7.0,0.0
2025-09-20T12:14:45,899.0,-33.456463,-70.633537,5.0,3.0,6.0,23.7,37.9,0.0,27.0,9.0,0.0
2025-09-20T12:14:43,898.0,-33.456463,-70.633537,4.0,2.0,6.0,23.6,37.9,0.0,27.0,8.0,0.0
2025-09-20T12:14:39,897.0,-33.456463,-70.633537,6.0,3.0,7.0,23.6,37.9,0.0,27.0,7.0,0.0
2025-09-20T12:14:36,896.0,-33.456463,-70.63353,5.0,2.0,6.0,23.6,38.1,0.0,27.0,7.0,1.5
2025-09-20T12:14:33,895.0,-33.456463,-70.63353,6.0,3.0,7.0,23.6,38.1,0.0,27.0,9.0,0.0
2025-09-20T12:14:30,894.0,-33.456463,-70.633545,5.0,2.0,6.0,23.6,38.1,0.0,27.0,9.0,4.2
2025-09-20T12:14:27,893.0,-33.456486,-70.633614,6.0,3.0,6.0,23.6,38.0,0.0,27.0,8.0,13.5
2025-09-20T12:14:24,892.0,-33.456516,-70.633774,5.0,2.0,5.0,23.6,38.2,0.0,27.0,8.0,23.3
2025-09-20T12:14:21,891.0,-33.45657,-70.634033,4.0,2.0,4.0,23.6,38.2,0.0,27.0,9.0,35.3
2025-09-20T12:14:18,890.0,-33.456627,-70.634346,4.0,2.0,4.0,23.6,38.1,0.0,27.0,9.0,37.6
2025-09-20T12:14:15,889.0,-33.456684,-70.634689,5.0,3.0,5.0,23.6,38.1,0.0,27.0,8.0,42.5
2025-09-20T12:14:12,888.0,-33.456764,-70.635063,4.0,2.0,4.0,23.6,38.1,0.0,27.0,9.0,43.8
2025-09-20T12:14:09,887.0,-33.456833,-70.635452,5.0,3.0,5.0,23.6,37.9,0.0,27.0,8.0,45.3
2025-09-20T12:14:06,886.0,-33.456894,-70.635834,5.0,3.0,5.0,23.6,38.0,0.0,27.0,9.0,43.3
2025-09-20T12:14:03,885.0,-33.45697,-70.636208,4.0,2.0,4.0,23.6,38.0,0.0,27.0,9.0,41.1
2025-09-20T12:14:00,884.0,-33.45705,-70.636581,4.0,2.0,4.0,23.6,37.9,0.0,25.0,9.0,45.1
2025-09-20T12:13:57,883.0,-33.45713,-70.636955,4.0,2.0,4.0,23.6,37.9,0.0,25.0,10.0,39.2
2025-09-20T12:13:54,882.0,-33.457207,-70.637299,4.0,2.0,4.0,23.6,38.0,0.0,25.0,10.0,43.7
2025-09-20T12:13:51,881.0,-33.457291,-70.637703,4.0,2.0,4.0,23.5,37.8,0.0,25.0,9.0,48.9
2025-09-20T12:13:48,880.0,-33.457378,-70.638123,4.0,2.0,4.0,23.5,37.8,0.0,25.0,8.0,48.7
2025-09-20T12:13:45,879.0,-33.45747,-70.638542,3.0,2.0,3.0,23.5,38.0,0.0,25.0,8.0,47.3
2025-09-20T12:13:42,878.0,-33.457546,-70.638916,4.0,3.0,4.0,23.5,37.9,0.0,25.0,9.0,39.7
2025-09-20T12:13:39,877.0,-33.457611,-70.639214,4.0,3.0,4.0,23.5,37.8,0.0,25.0,8.0,31.6
2025-09-20T12:13:36,876.0,-33.457668,-70.639458,3.0,2.0,3.0,23.6,37.7,0.0,25.0,8.0,21.2
2025-09-20T12:13:33,875.0,-33.457706,-70.639626,5.0,3.0,5.0,23.5,37.9,0.0,25.0,7.0,13.0
2025-09-20T12:13:30,874.0,-33.457718,-70.639679,5.0,3.0,5.0,23.5,37.7,0.0,25.0,7.0,0.0
2025-09-20T12:13:27,873.0,-33.457718,-70.639679,5.0,3.0,5.0,23.5,37.7,0.0,25.0,6.0,0.0
2025-09-20T12:13:24,872.0,-33.457718,-70.639679,4.0,2.0,4.0,23.5,37.8,0.0,25.0,7.0,0.0
2025-09-20T12:13:21,871.0,-33.457726,-70.639687,4.0,2.0,4.0,23.5,37.9,0.0,25.0,9.0,1.9
2025-09-20T12:13:18,870.0,-33.457733,-70.639702,4.0,2.0,4.0,23.5,37.8,0.0,25.0,8.0,3.7
2025-09-20T12:13:15,869.0,-33.457741,-70.639725,6.0,3.0,6.0,23.5,37.8,0.0,25.0,8.0,0.0
2025-09-20T12:13:12,868.0,-33.457741,-70.639725,5.0,2.0,5.0,23.5,37.7,0.0,25.0,8.0,0.0
2025-09-20T12:13:09,867.0,-33.457741,-70.639725,7.0,3.0,7.0,23.5,37.7,0.0,25.0,8.0,0.0
2025-09-20T12:13:06,866.0,-33.457741,-70.639725,8.0,3.0,8.0,23.5,37.7,0.0,25.0,7.0,0.0
2025-09-20T12:13:03,865.0,-33.457741,-70.639725,8.0,3.0,8.0,23.5,37.7,0.0,25.0,8.0,0.0
2025-09-20T12:13:00,864.0,-33.457741,-70.639725,9.0,4.0,9.0,23.5,37.7,0.0,26.0,9.0,0.0
2025-09-20T12:12:57,863.0,-33.457741,-70.639725,7.0,3.0,7.0,23.5,37.7,0.0,26.0,8.0,0.0
2025-09-20T12:12:54,862.0,-33.457737,-70.639725,7.0,3.0,7.0,23.5,37.7,0.0,26.0,8.0,0.0
2025-09-20T12:12:51,861.0,-33.457733,-70.639725,7.0,4.0,7.0,23.5,37.6,0.0,26.0,9.0,0.0
2025-09-20T12:12:48,860.0,-33.457733,-70.639725,5.0,3.0,5.0,23.5,37.7,0.0,26.0,9.0,0.0
2025-09-20T12:12:45,859.0,-33.457737,-70.639717,4.0,3.0,4.0,23.5,37.7,0.0,26.0,9.0,0.0
2025-09-20T12:12:42,858.0,-33.457733,-70.639717,4.0,2.0,4.0,23.5,37.6,0.0,26.0,8.0,1.9
2025-09-20T12:12:39,857.0,-33.457745,-70.639771,5.0,3.0,6.0,23.5,37.6,0.0,26.0,8.0,11.8
2025-09-20T12:12:36,856.0,-33.457779,-70.639923,5.0,2.0,6.0,23.5,37.5,0.0,26.0,9.0,26.6
2025-09-20T12:12:33,855.0,-33.457848,-70.640228,5.0,2.0,6.0,23.4,37.6,0.0,26.0,9.0,43.1
2025-09-20T12:12:30,854.0,-33.457932,-70.64064,6.0,2.0,6.0,23.4,37.4,0.0,26.0,10.0,54.3
2025-09-20T12:12:27,853.0,-33.458031,-70.641121,7.0,3.0,7.0,23.5,37.4,0.0,26.0,10.0,54.3
2025-09-20T12:12:24,852.0,-33.45813,-70.641586,7.0,3.0,7.0,23.5,37.5,0.0,26.0,10.0,53.3
2025-09-20T12:12:21,851.0,-33.458229,-70.642044,7.0,3.0,7.0,23.4,37.5,0.0,26.0,10.0,52.8
2025-09-20T12:12:18,850.0,-33.458328,-70.642502,6.0,3.0,6.0,23.4,37.6,0.0,26.0,9.0,48.7
2025-09-20T12:12:15,849.0,-33.458412,-70.642921,6.0,3.0,6.0,23.4,37.5,0.0,26.0,9.0,46.5
2025-09-20T12:12:12,848.0,-33.458492,-70.643311,6.0,3.0,6.0,23.4,37.5,0.0,26.0,9.0,42.8
2025-09-20T12:12:09,847.0,-33.458572,-70.643677,5.0,2.0,6.0,23.4,37.6,0.0,26.0,9.0,42.9
2025-09-20T12:12:06,846.0,-33.458652,-70.644043,6.0,2.0,6.0,23.4,37.4,0.0,26.0,9.0,41.1
2025-09-20T12:12:03,845.0,-33.458736,-70.644417,7.0,3.0,7.0,23.4,37.4,0.0,26.0,10.0,44.3
2025-09-20T12:11:59,844.0,-33.458817,-70.644806,7.0,3.0,8.0,23.4,37.5,0.0,28.0,10.0,45.7
2025-09-20T12:11:56,843.0,-33.4589,-70.645218,9.0,4.0,9.0,23.4,37.4,0.0,28.0,10.0,48.7
2025-09-20T12:11:54,842.0,-33.458992,-70.64566,9.0,4.0,11.0,23.4,37.4,0.0,28.0,10.0,53.0
2025-09-20T12:11:50,841.0,-33.459095,-70.646149,9.0,5.0,11.0,23.4,37.3,0.0,28.0,10.0,58.3
2025-09-20T12:11:47,840.0,-33.459194,-70.646667,7.0,4.0,8.0,23.4,37.4,0.0,28.0,9.0,58.4
2025-09-20T12:11:44,839.0,-33.45927,-70.647156,7.0,4.0,7.0,23.4,37.3,0.0,28.0,10.0,52.2
2025-09-20T12:11:41,838.0,-33.459366,-70.647614,7.0,4.0,8.0,23.4,37.4,0.0,28.0,9.0,52.7
2025-09-20T12:11:39,837.0,-33.459457,-70.648048,7.0,4.0,7.0,23.4,37.4,0.0,28.0,9.0,44.8
2025-09-20T12:11:35,836.0,-33.459538,-70.648399,6.0,3.0,6.0,23.4,37.5,0.0,28.0,10.0,41.7
2025-09-20T12:11:32,835.0,-33.459618,-70.64875,6.0,5.0,7.0,23.4,37.4,0.0,28.0,10.0,34.7
2025-09-20T12:11:29,834.0,-33.459656,-70.649033,5.0,4.0,5.0,23.4,37.4,0.0,28.0,10.0,31.1
2025-09-20T12:11:26,833.0,-33.459686,-70.649246,5.0,4.0,6.0,23.4,37.3,0.0,28.0,10.0,20.6
2025-09-20T12:11:23,832.0,-33.459698,-70.649391,7.0,5.0,7.0,23.4,37.4,0.0,28.0,9.0,0.0
2025-09-20T12:11:20,831.0,-33.459698,-70.649391,6.0,4.0,6.0,23.4,37.3,0.0,28.0,10.0,0.0
2025-09-20T12:11:17,830.0,-33.459698,-70.649384,7.0,4.0,7.0,23.4,37.3,0.0,28.0,10.0,0.0
2025-09-20T12:11:14,829.0,-33.459698,-70.649391,6.0,4.0,6.0,23.4,37.4,0.0,28.0,9.0,0.0
2025-09-20T12:11:11,828.0,-33.459698,-70.649384,5.0,4.0,5.0,23.4,37.3,0.0,28.0,8.0,0.0
2025-09-20T12:11:08,827.0,-33.459698,-70.649384,4.0,3.0,4.0,23.4,37.2,0.0,28.0,9.0,0.0
2025-09-20T12:11:05,826.0,-33.459694,-70.649384,5.0,4.0,5.0,23.4,37.2,0.0,28.0,10.0,0.0
2025-09-20T12:11:02,825.0,-33.459694,-70.649384,4.0,3.0,4.0,23.4,37.2,0.0,28.0,8.0,0.0
2025-09-20T12:10:59,824.0,-33.459698,-70.649384,4.0,3.0,4.0,23.4,37.2,0.0,27.0,7.0,0.0
2025-09-20T12:10:56,823.0,-33.459698,-70.649384,4.0,3.0,4.0,23.4,37.1,0.0,27.0,7.0,0.0
2025-09-20T12:10:53,822.0,-33.459698,-70.649384,5.0,4.0,5.0,23.4,37.3,0.0,27.0,7.0,0.0
2025-09-20T12:10:50,821.0,-33.459698,-70.649384,5.0,3.0,5.0,23.4,37.0,0.0,27.0,8.0,0.0
2025-09-20T12:10:47,820.0,-33.459698,-70.649384,6.0,4.0,6.0,23.4,37.2,0.0,27.0,8.0,0.0
2025-09-20T12:10:44,819.0,-33.459698,-70.649384,5.0,3.0,5.0,23.4,37.3,0.0,27.0,9.0,0.0
2025-09-20T12:10:41,818.0,-33.459702,-70.649391,5.0,3.0,5.0,23.4,37.3,0.0,27.0,9.0,0.0
2025-09-20T12:10:38,817.0,-33.459698,-70.649391,5.0,3.0,5.0,23.5,37.2,0.0,27.0,9.0,4.7
2025-09-20T12:10:35,816.0,-33.459705,-70.649452,6.0,3.0,6.0,23.5,37.2,0.0,27.0,9.0,15.1
2025-09-20T12:10:32,815.0,-33.459732,-70.649597,4.0,2.0,4.0,23.5,37.2,0.0,27.0,9.0,19.8
2025-09-20T12:10:29,814.0,-33.459743,-70.649788,4.0,2.0,4.0,23.5,37.3,0.0,27.0,10.0,25.0
2025-09-20T12:10:26,813.0,-33.459774,-70.650032,4.0,2.0,4.0,23.5,37.2,0.0,27.0,10.0,28.8
2025-09-20T12:10:23,812.0,-33.459801,-70.650314,6.0,3.0,6.0,23.5,37.2,0.0,27.0,9.0,35.7
2025-09-20T12:10:20,811.0,-33.459839,-70.650612,6.0,3.0,6.0,23.5,37.3,0.0,27.0,9.0,35.6
2025-09-20T12:10:17,810.0,-33.459877,-70.65094,5.0,2.0,5.0,23.5,37.3,0.0,27.0,10.0,39.1
2025-09-20T12:10:14,809.0,-33.459911,-70.651276,4.0,1.0,4.0,23.5,37.1,0.0,27.0,10.0,35.1
2025-09-20T12:10:11,808.0,-33.459972,-70.651741,4.0,1.0,4.0,23.5,37.2,0.0,27.0,10.0,39.7
2025-09-20T12:10:08,807.0,-33.460011,-70.652107,5.0,2.0,5.0,23.5,37.2,0.0,27.0,10.0,41.2
2025-09-20T12:10:05,806.0,-33.460052,-70.652451,5.0,2.0,5.0,23.5,37.1,0.0,27.0,10.0,35.2
2025-09-20T12:10:02,805.0,-33.460083,-70.652756,4.0,1.0,4.0,23.5,37.0,0.0,27.0,9.0,34.4
2025-09-20T12:09:59,804.0,-33.460117,-70.653053,4.0,2.0,4.0,23.5,37.0,0.0,21.0,9.0,33.6
2025-09-20T12:09:56,803.0,-33.460152,-70.653358,4.0,2.0,4.0,23.5,37.0,0.0,21.0,10.0,33.2
2025-09-20T12:09:53,802.0,-33.460182,-70.653633,5.0,3.0,5.0,23.5,37.0,0.0,21.0,10.0,29.1
2025-09-20T12:09:50,801.0,-33.460213,-70.6539,5.0,2.0,5.0,23.5,37.0,0.0,21.0,10.0,32.3
2025-09-20T12:09:47,800.0,-33.460258,-70.65419,5.0,2.0,5.0,23.5,37.1,0.0,21.0,10.0,34.5
2025-09-20T12:09:44,799.0,-33.460289,-70.654457,7.0,3.0,7.0,23.5,37.1,0.0,21.0,9.0,31.3
2025-09-20T12:09:41,798.0,-33.460323,-70.654739,7.0,3.0,7.0,23.5,37.2,0.0,21.0,10.0,36.7
2025-09-20T12:09:38,797.0,-33.460358,-70.65506,6.0,1.0,6.0,23.6,37.1,0.0,21.0,10.0,35.7
2025-09-20T12:09:35,796.0,-33.460407,-70.655357,6.0,2.0,6.0,23.5,37.2,0.0,21.0,10.0,28.5
2025-09-20T12:09:32,795.0,-33.460434,-70.655609,6.0,2.0,6.0,23.6,37.3,0.0,21.0,10.0,29.9
2025-09-20T12:09:29,794.0,-33.460472,-70.655876,5.0,2.0,6.0,23.6,37.3,0.0,21.0,10.0,29.0
2025-09-20T12:09:26,793.0,-33.460476,-70.656136,4.0,1.0,5.0,23.6,37.2,0.0,21.0,10.0,27.6
2025-09-20T12:09:23,792.0,-33.460541,-70.656464,5.0,2.0,6.0,23.6,37.2,0.0,21.0,8.0,28.1
2025-09-20T12:09:20,791.0,-33.460583,-70.656769,5.0,1.0,6.0,23.6,37.2,0.0,21.0,7.0,15.9
2025-09-20T12:09:17,790.0,-33.460629,-70.656982,5.0,1.0,6.0,23.6,37.0,0.0,21.0,7.0,0.0
2025-09-20T12:09:14,789.0,-33.460629,-70.656982,4.0,0.0,5.0,23.6,37.1,0.0,21.0,6.0,0.0
2025-09-20T12:09:11,788.0,-33.460629,-70.656982,4.0,0.0,4.0,23.6,37.1,0.0,21.0,6.0,0.0
2025-09-20T12:09:08,787.0,-33.460636,-70.65699,5.0,1.0,5.0,23.6,37.1,0.0,21.0,6.0,0.0
2025-09-20T12:09:05,786.0,-33.460629,-70.656982,4.0,0.0,4.0,23.6,37.3,0.0,21.0,6.0,0.0
2025-09-20T12:09:02,785.0,-33.460632,-70.656982,4.0,0.0,4.0,23.6,37.3,0.0,21.0,6.0,0.0
2025-09-20T12:08:59,784.0,-33.460629,-70.656975,3.0,0.0,3.0,23.6,37.0,0.0,24.0,6.0,0.0
2025-09-20T12:08:56,783.0,-33.460625,-70.656975,4.0,1.0,4.0,23.6,37.1,0.0,24.0,8.0,0.0
2025-09-20T12:08:53,782.0,-33.460621,-70.656975,4.0,1.0,4.0,23.6,36.9,0.0,24.0,8.0,0.0
2025-09-20T12:08:49,781.0,-33.460606,-70.65696,4.0,1.0,4.0,23.6,37.0,0.0,24.0,7.0,1.2
2025-09-20T12:08:47,780.0,-33.460606,-70.656944,5.0,1.0,5.0,23.7,36.9,0.0,24.0,6.0,1.9
2025-09-20T12:08:44,779.0,-33.46056,-70.656914,5.0,1.0,5.0,23.7,37.0,0.0,24.0,5.0,0.6
2025-09-20T11:53:55,778.0,-33.438911,-70.68692,2.0,1.0,2.0,23.9,34.4,0.0,18.0,8.0,18.1
2025-09-20T11:53:52,777.0,-33.438904,-70.686768,1.0,0.0,1.0,23.9,34.3,0.0,18.0,9.0,22.7
2025-09-20T11:53:49,776.0,-33.438885,-70.686562,2.0,1.0,2.0,23.9,34.4,0.0,18.0,10.0,20.3
2025-09-20T11:53:46,775.0,-33.438858,-70.686417,1.0,0.0,1.0,23.9,34.6,0.0,18.0,9.0,13.8
2025-09-20T11:53:43,774.0,-33.438835,-70.686287,1.0,0.0,1.0,23.9,34.6,0.0,18.0,6.0,16.2
2025-09-20T11:53:40,773.0,-33.438824,-70.686195,2.0,1.0,2.0,23.9,34.6,0.0,18.0,6.0,2.2
2025-09-20T11:53:37,772.0,-33.43882,-70.686165,1.0,0.0,2.0,23.9,34.5,0.0,18.0,6.0,4.3
2025-09-20T11:53:34,771.0,-33.438828,-70.686111,3.0,1.0,3.0,23.9,34.4,0.0,18.0,8.0,12.6
2025-09-20T11:53:31,770.0,-33.438824,-70.685997,3.0,1.0,3.0,23.9,34.2,0.0,18.0,8.0,14.5
2025-09-20T11:53:28,769.0,-33.438801,-70.685905,4.0,2.0,4.0,23.9,34.4,0.0,18.0,8.0,4.1
2025-09-20T11:53:24,768.0,-33.438808,-70.685905,3.0,1.0,3.0,23.9,34.5,0.0,18.0,8.0,1.1
2025-09-20T11:53:22,767.0,-33.438808,-70.685921,2.0,0.0,2.0,23.9,34.5,0.0,18.0,7.0,0.0
2025-09-20T11:53:18,766.0,-33.438805,-70.685921,2.0,0.0,2.0,23.9,34.5,0.0,18.0,8.0,0.0
2025-09-20T11:53:16,765.0,-33.438805,-70.685921,3.0,1.0,3.0,23.9,34.4,0.0,20.0,8.0,0.8
2025-09-20T11:53:12,764.0,-33.438801,-70.685928,2.0,0.0,2.0,23.9,34.5,0.0,20.0,8.0,2.4
2025-09-20T11:53:09,763.0,-33.438797,-70.685936,1.0,0.0,1.0,23.9,34.4,0.0,20.0,7.0,0.0
2025-09-20T11:53:06,762.0,-33.438793,-70.685936,2.0,1.0,2.0,23.9,34.4,0.0,20.0,8.0,0.0
2025-09-20T11:53:03,761.0,-33.438786,-70.685936,2.0,0.0,2.0,23.9,34.3,0.0,20.0,8.0,0.7
2025-09-20T11:53:01,760.0,-33.438782,-70.685951,3.0,1.0,3.0,23.8,34.2,0.0,20.0,8.0,0.0
2025-09-20T11:52:57,759.0,-33.438782,-70.685951,3.0,0.0,3.0,23.8,34.2,0.0,20.0,8.0,0.0
2025-09-20T11:52:54,758.0,-33.438782,-70.685951,3.0,0.0,3.0,23.8,33.9,0.0,20.0,8.0,0.0
2025-09-20T11:52:51,757.0,-33.438782,-70.685951,3.0,0.0,3.0,23.8,33.9,0.0,20.0,7.0,0.0
2025-09-20T11:52:48,756.0,-33.438782,-70.685951,2.0,0.0,2.0,23.8,33.7,0.0,20.0,8.0,0.0
2025-09-20T11:52:45,755.0,-33.438782,-70.685951,1.0,0.0,1.0,23.8,33.5,0.0,20.0,8.0,0.0
2025-09-20T11:52:42,754.0,-33.438782,-70.685951,1.0,0.0,1.0,23.8,33.5,0.0,20.0,8.0,0.0
2025-09-20T11:52:39,753.0,-33.438782,-70.685951,2.0,0.0,2.0,23.8,33.5,0.0,20.0,7.0,0.0
2025-09-20T11:52:36,752.0,-33.438782,-70.685951,3.0,0.0,3.0,23.8,33.4,0.0,20.0,6.0,0.0
2025-09-20T11:52:33,751.0,-33.438782,-70.685951,2.0,0.0,2.0,23.8,33.4,0.0,20.0,6.0,0.0
2025-09-20T11:52:30,750.0,-33.438782,-70.685951,1.0,0.0,1.0,23.8,33.5,0.0,20.0,6.0,0.0
2025-09-20T11:52:27,749.0,-33.438782,-70.685951,2.0,0.0,2.0,23.8,33.5,0.0,20.0,6.0,0.0
2025-09-20T11:52:24,748.0,-33.438782,-70.685951,1.0,0.0,1.0,23.8,33.5,0.0,20.0,6.0,0.0
2025-09-20T11:52:21,747.0,-33.438782,-70.685951,2.0,0.0,3.0,23.8,33.6,0.0,20.0,6.0,0.0
2025-09-20T11:52:18,746.0,-33.438782,-70.685951,1.0,0.0,2.0,23.8,33.5,0.0,20.0,6.0,0.0
2025-09-20T11:52:15,745.0,-33.438782,-70.685951,1.0,0.0,2.0,23.8,33.6,0.0,20.0,6.0,0.0
2025-09-20T11:52:12,744.0,-33.438782,-70.685951,1.0,0.0,2.0,23.8,33.6,0.0,20.0,6.0,0.0
2025-09-20T11:52:09,743.0,-33.438782,-70.685951,1.0,0.0,2.0,23.8,33.6,0.0,20.0,6.0,0.0
2025-09-20T11:52:06,742.0,-33.438782,-70.685951,0.0,0.0,1.0,23.8,33.5,0.0,20.0,6.0,0.0
2025-09-20T11:52:03,741.0,-33.438782,-70.685951,0.0,0.0,1.0,23.7,33.7,0.0,20.0,6.0,0.0
2025-09-20T11:52:00,740.0,-33.438782,-70.685951,0.0,0.0,1.0,23.8,33.5,0.0,20.0,6.0,0.0
2025-09-20T11:51:57,739.0,-33.438782,-70.685951,1.0,0.0,1.0,23.8,33.6,0.0,20.0,6.0,0.0
2025-09-20T11:51:54,738.0,-33.438782,-70.685951,2.0,0.0,2.0,23.7,33.6,0.0,20.0,6.0,0.0
2025-09-20T11:51:51,737.0,-33.438782,-70.685951,2.0,0.0,2.0,23.7,33.8,0.0,20.0,6.0,0.0
2025-09-20T11:51:48,736.0,-33.438782,-70.685951,1.0,0.0,1.0,23.7,33.5,0.0,20.0,4.0,0.0
2025-09-20T11:51:45,735.0,-33.438782,-70.685951,2.0,0.0,2.0,23.7,33.6,0.0,20.0,6.0,0.0
2025-09-20T11:51:42,734.0,-33.438782,-70.685951,1.0,0.0,1.0,23.7,33.8,0.0,20.0,6.0,0.0
2025-09-20T11:51:38,733.0,-33.438782,-70.685951,2.0,0.0,2.0,23.7,33.6,0.0,20.0,6.0,0.0
2025-09-20T11:51:36,732.0,-33.438782,-70.685951,2.0,0.0,2.0,23.7,33.7,0.0,20.0,6.0,0.0
2025-09-20T11:51:33,731.0,-33.438782,-70.685951,1.0,0.0,1.0,23.7,33.7,0.0,20.0,5.0,0.0
2025-09-20T11:51:29,730.0,-33.438782,-70.685951,1.0,0.0,1.0,23.7,33.5,0.0,20.0,5.0,0.0
2025-09-20T11:51:26,729.0,-33.438782,-70.685959,2.0,0.0,2.0,23.7,33.8,0.0,20.0,5.0,0.8
2025-09-20T11:51:23,728.0,-33.438782,-70.685959,1.0,0.0,1.0,23.7,33.8,0.0,20.0,6.0,0.0
2025-09-20T11:51:20,727.0,-33.438782,-70.685959,1.0,0.0,1.0,23.7,33.6,0.0,20.0,5.0,0.0
2025-09-20T11:51:17,726.0,-33.438782,-70.685959,2.0,0.0,2.0,23.7,33.7,0.0,20.0,6.0,0.0
2025-09-20T11:51:14,725.0,-33.438782,-70.685959,2.0,0.0,2.0,23.7,33.7,0.0,22.0,6.0,0.0
2025-09-20T11:51:11,724.0,-33.438782,-70.685959,2.0,0.0,2.0,23.6,33.5,0.0,22.0,6.0,0.0
2025-09-20T11:51:08,723.0,-33.438782,-70.685959,2.0,0.0,2.0,23.7,33.7,0.0,22.0,6.0,0.0
2025-09-20T11:51:05,722.0,-33.438782,-70.685959,1.0,0.0,1.0,23.6,33.8,0.0,22.0,5.0,0.0
2025-09-20T11:51:02,721.0,-33.438782,-70.685959,1.0,0.0,1.0,23.7,33.7,0.0,22.0,5.0,0.0
2025-09-20T11:50:59,720.0,-33.438778,-70.685951,2.0,0.0,2.0,23.7,33.7,0.0,22.0,5.0,0.0
2025-09-20T11:50:56,719.0,-33.438778,-70.685951,2.0,0.0,2.0,23.6,33.7,0.0,22.0,5.0,0.0
2025-09-20T11:50:53,718.0,-33.438778,-70.685951,2.0,0.0,2.0,23.6,33.7,0.0,22.0,6.0,0.0
2025-09-20T11:50:50,717.0,-33.438778,-70.685951,3.0,0.0,3.0,23.6,33.8,0.0,22.0,6.0,0.0
2025-09-20T11:50:47,716.0,-33.438778,-70.685951,2.0,0.0,2.0,23.6,33.8,0.0,22.0,6.0,0.0
2025-09-20T11:50:44,715.0,-33.438778,-70.685951,3.0,0.0,3.0,23.6,33.6,0.0,22.0,7.0,0.0
2025-09-20T11:50:41,714.0,-33.438778,-70.685951,2.0,0.0,2.0,23.6,33.7,0.0,22.0,7.0,0.0
2025-09-20T11:50:38,713.0,-33.438778,-70.685951,3.0,0.0,3.0,23.6,33.8,0.0,22.0,7.0,0.0
2025-09-20T11:50:35,712.0,-33.438778,-70.685951,3.0,0.0,3.0,23.6,33.9,0.0,22.0,6.0,0.0
2025-09-20T11:50:32,711.0,-33.438778,-70.685951,3.0,0.0,3.0,23.6,33.8,0.0,22.0,6.0,0.0
2025-09-20T11:50:29,710.0,-33.438778,-70.685951,2.0,0.0,2.0,23.6,33.8,0.0,22.0,7.0,0.0
2025-09-20T11:50:26,709.0,-33.438778,-70.685951,3.0,0.0,3.0,23.6,33.7,0.0,22.0,7.0,0.0
2025-09-20T11:50:23,708.0,-33.438778,-70.685951,2.0,0.0,2.0,23.6,33.8,0.0,22.0,6.0,0.0
2025-09-20T11:50:20,707.0,-33.438778,-70.685951,2.0,0.0,2.0,23.6,33.9,0.0,22.0,6.0,0.0
2025-09-20T11:50:17,706.0,-33.438778,-70.685951,1.0,0.0,2.0,23.6,33.8,0.0,22.0,7.0,0.0
2025-09-20T11:50:14,705.0,-33.438778,-70.685951,2.0,0.0,2.0,23.6,33.8,0.0,20.0,7.0,0.0
2025-09-20T11:50:11,704.0,-33.438778,-70.685951,2.0,0.0,2.0,23.6,33.9,0.0,20.0,6.0,0.0
2025-09-20T11:50:08,703.0,-33.438778,-70.685951,1.0,0.0,1.0,23.6,33.9,0.0,20.0,7.0,0.0
2025-09-20T11:50:05,702.0,-33.438778,-70.685951,1.0,0.0,1.0,23.5,33.9,0.0,20.0,7.0,0.0
2025-09-20T11:50:02,701.0,-33.438778,-70.685951,1.0,0.0,1.0,23.6,33.9,0.0,20.0,6.0,0.0
2025-09-20T11:49:59,700.0,-33.438778,-70.685951,2.0,1.0,2.0,23.6,34.1,0.0,20.0,7.0,0.0
2025-09-20T11:49:56,699.0,-33.438778,-70.685951,2.0,1.0,2.0,23.6,34.0,0.0,20.0,7.0,0.0
2025-09-20T11:49:53,698.0,-33.438778,-70.685951,1.0,0.0,1.0,23.5,34.0,0.0,20.0,7.0,0.0
2025-09-20T11:49:50,697.0,-33.438778,-70.685951,1.0,0.0,1.0,23.5,34.0,0.0,20.0,7.0,0.0
2025-09-20T11:49:47,696.0,-33.438778,-70.685951,2.0,1.0,2.0,23.5,34.1,0.0,20.0,7.0,0.0
2025-09-20T11:49:44,695.0,-33.438778,-70.685951,1.0,0.0,1.0,23.5,34.0,0.0,20.0,7.0,0.0
2025-09-20T11:49:41,694.0,-33.438778,-70.685951,0.0,0.0,0.0,23.5,34.0,0.0,20.0,7.0,0.0
2025-09-20T11:49:38,693.0,-33.438778,-70.685951,0.0,0.0,0.0,23.5,33.9,0.0,20.0,7.0,0.0
2025-09-20T11:49:35,692.0,-33.438778,-70.685951,0.0,0.0,0.0,23.5,33.9,0.0,20.0,7.0,0.0
2025-09-20T11:49:32,691.0,-33.438778,-70.685951,1.0,1.0,1.0,23.5,33.9,0.0,20.0,7.0,0.0
2025-09-20T11:49:29,690.0,-33.438778,70.683487,0.0,0.0,0.0,23.5,34.1,0.0,20.0,0.0,0.0
2025-09-20T11:49:26,689.0,-33.438778,-70.685951,1.0,1.0,1.0,23.5,34.1,0.0,20.0,7.0,0.0
2025-09-20T11:49:23,688.0,-33.438778,-70.685951,1.0,0.0,1.0,23.5,34.1,0.0,20.0,7.0,0.0
2025-09-20T11:49:20,687.0,-33.438778,-70.685951,2.0,1.0,2.0,23.5,34.1,0.0,20.0,7.0,0.0
2025-09-20T11:49:17,686.0,-33.438778,-70.685951,3.0,1.0,3.0,23.5,34.1,0.0,20.0,7.0,0.0
2025-09-20T11:49:14,685.0,-33.438778,-70.685951,2.0,0.0,2.0,23.5,34.1,0.0,21.0,7.0,0.0
2025-09-20T11:49:10,684.0,-33.438778,-70.685951,2.0,0.0,2.0,23.5,34.1,0.0,21.0,7.0,0.0
2025-09-20T11:49:07,683.0,-33.438778,-70.685951,3.0,1.0,3.0,23.5,34.2,0.0,21.0,6.0,0.0
2025-09-20T11:49:04,682.0,-33.438778,-70.685951,2.0,0.0,2.0,23.5,34.3,0.0,21.0,6.0,0.0
2025-09-20T11:49:01,681.0,-33.438778,-70.685951,1.0,0.0,2.0,23.5,34.2,0.0,21.0,6.0,0.0
2025-09-20T11:48:58,680.0,-33.438778,-70.685951,1.0,0.0,2.0,23.4,34.1,0.0,21.0,5.0,0.0
2025-09-20T11:48:55,679.0,-33.438778,-70.685951,2.0,1.0,3.0,23.5,34.1,0.0,21.0,5.0,0.0
2025-09-20T11:48:52,678.0,-33.438778,-70.685951,2.0,1.0,3.0,23.5,34.2,0.0,21.0,5.0,0.0
2025-09-20T11:48:49,677.0,-33.438778,-70.685951,2.0,1.0,3.0,23.5,34.2,0.0,21.0,6.0,0.0
2025-09-20T11:48:46,676.0,-33.438778,-70.685951,1.0,0.0,2.0,23.4,34.2,0.0,21.0,7.0,0.0
2025-09-20T11:48:43,675.0,-33.438782,-70.685951,1.0,0.0,2.0,23.4,34.3,0.0,21.0,7.0,0.0
2025-09-20T11:48:40,674.0,-33.438782,-70.685951,2.0,1.0,3.0,23.4,34.4,0.0,21.0,6.0,0.0
2025-09-20T11:48:37,673.0,-33.438782,-70.685951,2.0,1.0,3.0,23.4,34.4,0.0,21.0,6.0,0.0
2025-09-20T11:48:34,672.0,-33.438782,-70.685951,2.0,1.0,4.0,23.4,34.4,0.0,21.0,6.0,0.0
2025-09-20T11:48:31,671.0,-33.438782,-70.685951,2.0,0.0,3.0,23.4,34.2,0.0,21.0,6.0,0.0
2025-09-20T11:48:28,670.0,-33.438782,-70.685944,1.0,0.0,3.0,23.4,34.4,0.0,21.0,6.0,0.0
2025-09-20T11:48:25,669.0,-33.438786,-70.685944,1.0,0.0,3.0,23.4,34.1,0.0,21.0,6.0,0.0
2025-09-20T11:48:22,668.0,-33.438786,-70.685944,1.0,0.0,2.0,23.4,34.4,0.0,21.0,6.0,0.0
2025-09-20T11:48:19,667.0,-33.438782,-70.685936,1.0,0.0,3.0,23.4,34.5,0.0,21.0,5.0,0.0
2025-09-20T11:48:16,666.0,-33.438782,-70.685936,2.0,0.0,3.0,23.4,34.5,0.0,21.0,6.0,0.0
2025-09-20T11:48:13,665.0,-33.438782,-70.685936,2.0,0.0,3.0,23.4,34.4,0.0,21.0,6.0,0.0
2025-09-20T11:48:10,664.0,-33.438782,-70.685936,3.0,1.0,4.0,23.4,34.4,0.0,21.0,6.0,0.0
2025-09-20T11:48:07,663.0,-33.438782,-70.685936,2.0,0.0,3.0,23.4,34.4,0.0,21.0,6.0,0.0
2025-09-20T11:48:04,662.0,-33.438782,-70.685936,3.0,1.0,4.0,23.4,34.4,0.0,21.0,6.0,0.0
2025-09-20T11:48:01,661.0,-33.438782,-70.685936,3.0,1.0,4.0,23.4,34.5,0.0,21.0,5.0,0.0
2025-09-20T11:47:58,660.0,-33.438782,-70.685936,3.0,1.0,4.0,23.4,34.5,0.0,21.0,5.0,0.0
2025-09-20T11:47:55,659.0,-33.438778,-70.685936,3.0,1.0,4.0,23.3,34.7,0.0,21.0,6.0,0.0
2025-09-20T11:47:52,658.0,-33.438778,-70.685936,2.0,0.0,3.0,23.4,34.5,0.0,21.0,6.0,0.0
2025-09-20T11:47:49,657.0,-33.438778,-70.685936,3.0,1.0,4.0,23.3,34.7,0.0,21.0,5.0,0.0
2025-09-20T11:47:46,656.0,-33.438778,-70.685936,3.0,1.0,3.0,23.3,34.5,0.0,21.0,5.0,0.0
2025-09-20T11:47:43,655.0,-33.438778,-70.685936,3.0,1.0,3.0,23.4,34.5,0.0,21.0,5.0,0.0
2025-09-20T11:47:40,654.0,-33.438778,-70.685936,3.0,1.0,3.0,23.4,34.6,0.0,21.0,6.0,0.0
2025-09-20T11:47:37,653.0,-33.438778,-70.685936,2.0,0.0,2.0,23.3,34.5,0.0,21.0,6.0,0.0
2025-09-20T11:47:34,652.0,-33.438778,-70.685936,2.0,0.0,2.0,23.4,34.5,0.0,21.0,5.0,0.0
2025-09-20T11:47:31,651.0,-33.438778,-70.685936,2.0,0.0,2.0,23.3,34.7,0.0,21.0,5.0,0.0
2025-09-20T11:47:28,650.0,-33.438778,-70.685936,3.0,1.0,4.0,23.3,34.6,0.0,21.0,4.0,0.0
2025-09-20T11:47:25,649.0,-33.438778,-70.685936,2.0,0.0,3.0,23.3,34.6,0.0,21.0,4.0,0.0
2025-09-20T11:47:22,648.0,-33.438778,-70.685936,2.0,1.0,3.0,23.3,34.6,0.0,21.0,5.0,0.0
2025-09-20T11:47:19,647.0,-33.438778,-70.685936,2.0,1.0,3.0,23.3,34.6,0.0,21.0,5.0,0.0
2025-09-20T11:47:16,646.0,-33.438778,-70.685936,3.0,2.0,3.0,23.3,34.6,0.0,21.0,5.0,0.0
2025-09-20T11:47:13,645.0,-33.438778,-70.685936,3.0,2.0,3.0,23.3,34.7,0.0,19.0,5.0,0.0
2025-09-20T11:47:10,644.0,-33.438778,-70.685936,2.0,1.0,2.0,23.3,34.6,0.0,19.0,5.0,0.0
2025-09-20T11:47:07,643.0,-33.438778,-70.685936,3.0,2.0,3.0,23.3,34.5,0.0,19.0,5.0,0.0
2025-09-20T11:47:04,642.0,-33.438778,-70.685936,2.0,1.0,2.0,23.3,34.8,0.0,19.0,6.0,0.0
2025-09-20T11:47:01,641.0,-33.438778,-70.685936,4.0,2.0,4.0,23.3,34.6,0.0,19.0,6.0,0.0
2025-09-20T11:46:58,640.0,-33.438778,-70.685936,3.0,1.0,3.0,23.3,34.8,0.0,19.0,6.0,0.0
2025-09-20T11:46:55,639.0,-33.438778,-70.685936,4.0,2.0,4.0,23.3,34.7,0.0,19.0,5.0,0.0
2025-09-20T11:46:52,638.0,-33.438778,-70.685936,2.0,1.0,2.0,23.3,34.8,0.0,19.0,5.0,0.0
2025-09-20T11:46:49,637.0,-33.438778,-70.685936,3.0,2.0,3.0,23.3,34.8,0.0,19.0,5.0,0.0
2025-09-20T11:46:45,636.0,-33.438786,-70.685936,3.0,2.0,3.0,23.3,34.7,0.0,19.0,4.0,0.0
2025-09-20T11:46:43,635.0,-33.438786,-70.685936,3.0,1.0,3.0,23.3,34.7,0.0,19.0,5.0,0.0
2025-09-20T11:46:39,634.0,-33.438786,-70.685936,3.0,1.0,3.0,23.3,34.7,0.0,19.0,6.0,0.0
2025-09-20T11:46:37,633.0,-33.438786,-70.685936,4.0,2.0,4.0,23.3,34.9,0.0,19.0,6.0,0.0
2025-09-20T11:46:33,632.0,-33.438786,-70.685936,3.0,2.0,3.0,23.3,34.7,0.0,19.0,5.0,0.0
2025-09-20T11:46:30,631.0,-33.438786,-70.685936,2.0,1.0,2.0,23.3,34.8,0.0,19.0,4.0,0.0
2025-09-20T11:46:27,630.0,-33.438786,-70.685936,3.0,2.0,3.0,23.3,34.8,0.0,19.0,4.0,0.0
2025-09-20T11:46:24,629.0,-33.438786,-70.685936,2.0,1.0,2.0,23.3,34.9,0.0,19.0,5.0,0.0
2025-09-20T11:46:21,628.0,-33.438786,-70.685936,4.0,2.0,4.0,23.3,34.8,0.0,19.0,5.0,0.0
2025-09-20T11:46:18,627.0,-33.438786,-70.685936,2.0,1.0,3.0,23.3,34.8,0.0,19.0,4.0,0.0
2025-09-20T11:46:15,626.0,-33.438786,-70.685936,3.0,2.0,3.0,23.3,34.8,0.0,19.0,4.0,0.0
2025-09-20T11:46:12,625.0,-33.438786,-70.685936,2.0,1.0,2.0,23.3,34.8,0.0,20.0,4.0,0.0
2025-09-20T11:46:09,624.0,-33.438786,-70.685936,3.0,2.0,4.0,23.3,34.9,0.0,20.0,4.0,0.0
2025-09-20T11:46:06,623.0,-33.438786,-70.685936,2.0,2.0,4.0,23.3,34.9,0.0,20.0,4.0,0.0
2025-09-20T11:46:03,622.0,-33.438786,-70.685936,1.0,1.0,2.0,23.3,35.0,0.0,20.0,3.0,0.0
2025-09-20T11:46:00,621.0,-33.438786,-70.685944,1.0,1.0,2.0,23.3,34.9,0.0,20.0,4.0,0.0
2025-09-20T11:45:57,620.0,-33.438786,-70.685944,2.0,2.0,3.0,23.3,34.9,0.0,20.0,4.0,0.0
2025-09-20T11:45:54,619.0,-33.438786,-70.685944,1.0,1.0,2.0,23.3,34.9,0.0,20.0,4.0,0.0
2025-09-20T11:45:51,618.0,-33.438786,-70.685944,2.0,2.0,3.0,23.3,34.9,0.0,20.0,4.0,0.0
2025-09-20T11:45:48,617.0,-33.438786,-70.685944,1.0,1.0,2.0,23.3,35.0,0.0,20.0,3.0,0.0
2025-09-20T11:45:45,616.0,-33.438786,-70.685944,1.0,1.0,2.0,23.3,35.1,0.0,20.0,3.0,0.0
2025-09-20T11:45:42,615.0,-33.438786,-70.685944,2.0,2.0,3.0,23.3,35.0,0.0,20.0,4.0,0.0
2025-09-20T11:45:39,614.0,-33.438786,-70.685944,2.0,2.0,3.0,23.3,35.0,0.0,20.0,4.0,0.0
2025-09-20T11:45:36,613.0,-33.438789,-70.685944,2.0,2.0,4.0,23.3,35.1,0.0,20.0,4.0,0.0
2025-09-20T11:45:33,612.0,-33.438789,-70.685944,2.0,2.0,3.0,23.3,35.0,0.0,20.0,4.0,0.0
2025-09-20T11:45:30,611.0,-33.438789,-70.685944,1.0,1.0,2.0,23.3,35.0,0.0,20.0,4.0,0.0
2025-09-20T11:45:27,610.0,-33.438789,-70.685944,3.0,2.0,3.0,23.3,35.0,0.0,20.0,5.0,0.0
2025-09-20T11:45:24,609.0,-33.438789,-70.685944,3.0,2.0,3.0,23.2,35.0,0.0,20.0,5.0,0.0
2025-09-20T11:45:21,608.0,-33.438789,-70.685944,2.0,1.0,2.0,23.3,35.1,0.0,20.0,5.0,0.0
2025-09-20T11:45:18,607.0,-33.438789,-70.685944,3.0,1.0,3.0,23.3,35.0,0.0,20.0,6.0,0.0
2025-09-20T11:45:15,606.0,-33.438789,-70.685944,3.0,2.0,3.0,23.3,35.1,0.0,20.0,6.0,0.0
2025-09-20T11:45:12,605.0,-33.438789,-70.685944,3.0,3.0,3.0,23.3,35.1,0.0,22.0,6.0,0.0
2025-09-20T11:45:09,604.0,-33.438789,-70.685944,4.0,3.0,4.0,23.3,35.2,0.0,22.0,4.0,0.0
2025-09-20T11:45:07,603.0,-33.438789,-70.685944,3.0,2.0,3.0,23.2,35.3,0.0,22.0,4.0,0.0
2025-09-20T11:45:03,602.0,-33.438789,-70.685944,3.0,2.0,3.0,23.3,35.3,0.0,22.0,5.0,0.0
2025-09-20T11:45:00,601.0,-33.438789,-70.685944,4.0,2.0,4.0,23.3,35.3,0.0,22.0,6.0,0.0
2025-09-20T11:44:57,600.0,-33.438789,-70.685944,4.0,2.0,4.0,23.3,35.3,0.0,22.0,4.0,0.0
2025-09-20T11:44:54,599.0,-33.438789,-70.685944,4.0,2.0,4.0,23.3,35.3,0.0,22.0,4.0,0.0
2025-09-20T11:44:51,598.0,-33.438789,-70.685944,4.0,2.0,4.0,23.3,35.3,0.0,22.0,5.0,0.0
2025-09-20T11:44:48,597.0,-33.438789,-70.685944,3.0,1.0,3.0,23.3,35.3,0.0,22.0,6.0,0.0
2025-09-20T11:44:45,596.0,-33.438789,-70.685944,3.0,1.0,4.0,23.3,35.5,0.0,22.0,5.0,0.0
2025-09-20T11:44:42,595.0,-33.438789,-70.685944,5.0,2.0,5.0,23.3,35.5,0.0,22.0,6.0,0.0
2025-09-20T11:44:39,594.0,-33.438789,-70.685944,5.0,2.0,5.0,23.3,35.4,0.0,22.0,5.0,0.0
2025-09-20T11:44:36,593.0,-33.438789,-70.685944,4.0,1.0,4.0,23.3,35.3,0.0,22.0,5.0,0.0
2025-09-20T11:44:33,592.0,-33.438789,-70.685944,4.0,1.0,4.0,23.3,35.4,0.0,22.0,5.0,0.0
2025-09-20T11:44:30,591.0,-33.438789,-70.685944,4.0,1.0,4.0,23.3,35.4,0.0,22.0,5.0,0.0
2025-09-20T11:44:27,590.0,-33.438789,-70.685944,5.0,2.0,5.0,23.3,35.5,0.0,22.0,5.0,0.0
2025-09-20T11:44:24,589.0,-33.438789,-70.685944,4.0,2.0,4.0,23.3,35.5,0.0,22.0,6.0,0.0
2025-09-20T11:44:21,588.0,-33.438789,-70.685944,4.0,2.0,4.0,23.3,35.7,0.0,22.0,6.0,0.0
2025-09-20T11:44:18,587.0,-33.438789,-70.685944,2.0,1.0,2.0,23.3,35.6,0.0,22.0,6.0,0.0
2025-09-20T11:44:15,586.0,-33.438789,-70.685944,2.0,1.0,2.0,23.3,35.6,0.0,22.0,5.0,0.0
2025-09-20T11:44:12,585.0,-33.438789,-70.685944,4.0,2.0,4.0,23.3,35.9,0.0,19.0,5.0,0.0
2025-09-20T11:44:09,584.0,-33.438789,-70.685944,3.0,1.0,3.0,23.3,35.8,0.0,19.0,5.0,0.0
2025-09-20T11:44:05,583.0,-33.438789,-70.685944,3.0,1.0,4.0,23.3,35.8,0.0,19.0,5.0,0.0
2025-09-20T11:44:03,582.0,-33.438789,-70.685944,5.0,2.0,5.0,23.3,35.8,0.0,19.0,5.0,0.0
2025-09-20T11:44:00,581.0,-33.438789,-70.685944,5.0,2.0,5.0,23.3,35.8,0.0,19.0,5.0,0.0
2025-09-20T11:43:57,580.0,-33.438789,-70.685944,4.0,1.0,4.0,23.3,35.6,0.0,19.0,6.0,0.0
2025-09-20T11:43:53,579.0,-33.438789,-70.685944,5.0,2.0,5.0,23.3,35.6,0.0,19.0,6.0,0.0
2025-09-20T11:43:50,578.0,-33.438789,-70.685944,5.0,2.0,5.0,23.3,35.6,0.0,19.0,5.0,0.0
2025-09-20T11:43:47,577.0,-33.438789,-70.685936,5.0,1.0,5.0,23.3,35.4,0.0,19.0,5.0,0.0
2025-09-20T11:43:44,576.0,-33.438789,-70.685936,3.0,0.0,3.0,23.4,35.5,0.0,19.0,6.0,0.0
2025-09-20T11:43:41,575.0,-33.438789,-70.685936,4.0,1.0,4.0,23.3,35.4,0.0,19.0,6.0,0.0
2025-09-20T11:43:38,574.0,-33.438789,-70.685936,2.0,0.0,2.0,23.3,35.3,0.0,19.0,6.0,0.0
2025-09-20T11:43:36,573.0,-33.438793,-70.685944,3.0,1.0,3.0,23.3,35.0,0.0,19.0,6.0,0.0
2025-09-20T11:35:38,572.0,-33.438786,-70.685913,7.0,3.0,7.0,23.2,34.8,0.0,18.0,5.0,0.0
2025-09-20T11:35:34,571.0,-33.438786,-70.685913,7.0,3.0,7.0,23.2,34.8,0.0,18.0,5.0,0.0
2025-09-20T11:35:31,570.0,-33.438786,-70.685913,6.0,3.0,7.0,23.3,34.9,0.0,18.0,6.0,0.0
2025-09-20T11:35:29,569.0,-33.438786,-70.685913,5.0,2.0,6.0,23.2,35.0,0.0,18.0,6.0,1.7
2025-09-20T11:35:27,568.0,-33.438805,-70.685905,5.0,2.0,6.0,23.2,35.0,0.0,18.0,6.0,2.9
2025-09-20T11:35:24,567.0,-33.43882,-70.685883,7.0,2.0,7.0,23.2,35.1,0.0,18.0,7.0,3.6
2025-09-20T11:35:20,566.0,-33.438828,-70.685829,7.0,2.0,7.0,23.2,35.3,0.0,18.0,7.0,9.2
2025-09-20T11:35:18,565.0,-33.43882,-70.685707,5.0,1.0,5.0,23.2,35.2,0.0,18.0,7.0,10.1
2025-09-20T11:35:12,564.0,-33.438808,-70.685555,6.0,3.0,6.0,23.2,35.2,0.0,24.0,7.0,27.2
2025-09-20T11:35:09,563.0,-33.438793,-70.685303,5.0,2.0,5.0,23.2,35.1,0.0,24.0,7.0,28.3
2025-09-20T11:35:06,562.0,-33.438778,-70.68502,6.0,3.0,6.0,23.2,35.1,0.0,24.0,7.0,31.7
2025-09-20T11:35:03,561.0,-33.438755,-70.684708,5.0,2.0,5.0,23.2,35.2,0.0,24.0,7.0,35.7
2025-09-20T11:35:00,560.0,-33.438725,-70.68438,6.0,3.0,6.0,23.2,35.2,0.0,24.0,7.0,38.5
2025-09-20T11:34:57,559.0,-33.438702,-70.684021,4.0,2.0,4.0,23.2,35.2,0.0,24.0,7.0,42.7
2025-09-20T11:34:54,558.0,-33.438683,-70.683624,4.0,2.0,4.0,23.2,35.3,0.0,24.0,7.0,45.5
2025-09-20T11:34:51,557.0,-33.438683,-70.683197,5.0,3.0,5.0,23.2,35.2,0.0,24.0,6.0,47.3
2025-09-20T11:34:48,556.0,-33.438656,-70.682648,5.0,3.0,5.0,23.2,35.2,0.0,24.0,7.0,43.3
2025-09-20T11:34:45,555.0,-33.438633,-70.682289,4.0,2.0,4.0,23.2,35.3,0.0,24.0,7.0,37.3
2025-09-20T11:34:42,554.0,-33.438606,-70.681992,4.0,2.0,4.0,23.2,35.3,0.0,24.0,7.0,27.0
2025-09-20T11:34:39,553.0,-33.438587,-70.681786,5.0,3.0,6.0,23.2,35.3,0.0,24.0,7.0,20.5
2025-09-20T11:34:36,552.0,-33.438568,-70.681526,5.0,3.0,6.0,23.1,35.2,0.0,24.0,7.0,34.5
2025-09-20T11:34:33,551.0,-33.438541,-70.681198,5.0,3.0,6.0,23.1,35.2,0.0,24.0,7.0,38.5
2025-09-20T11:34:30,550.0,-33.438519,-70.680855,4.0,2.0,5.0,23.1,35.1,0.0,24.0,7.0,33.9
2025-09-20T11:34:27,549.0,-33.438488,-70.680557,4.0,2.0,4.0,23.2,35.0,0.0,24.0,7.0,34.2
2025-09-20T11:34:24,548.0,-33.438461,-70.680298,4.0,2.0,4.0,23.1,35.1,0.0,24.0,7.0,23.2
2025-09-20T11:34:21,547.0,-33.438461,-70.680138,3.0,2.0,4.0,23.1,35.0,0.0,24.0,7.0,13.2
2025-09-20T11:34:18,546.0,-33.438541,-70.680046,4.0,3.0,5.0,23.1,35.2,0.0,24.0,7.0,15.4
2025-09-20T11:34:15,545.0,-33.438633,-70.680016,4.0,3.0,5.0,23.1,35.2,0.0,24.0,8.0,8.0
2025-09-20T11:34:12,544.0,-33.43866,-70.680016,4.0,2.0,4.0,23.1,35.1,0.0,23.0,7.0,0.0
2025-09-20T11:34:09,543.0,-33.43866,-70.680016,6.0,3.0,6.0,23.1,35.1,0.0,23.0,8.0,0.0
2025-09-20T11:34:06,542.0,-33.438663,-70.680016,5.0,2.0,6.0,23.1,35.1,0.0,23.0,8.0,0.0
2025-09-20T11:34:03,541.0,-33.438667,-70.680023,6.0,4.0,8.0,23.1,35.2,0.0,23.0,8.0,0.0
2025-09-20T11:34:00,540.0,-33.438667,-70.680023,5.0,3.0,6.0,23.1,35.2,0.0,23.0,8.0,0.0
2025-09-20T11:33:57,539.0,-33.438663,-70.680016,5.0,2.0,6.0,23.1,35.3,0.0,23.0,7.0,0.8
2025-09-20T11:33:54,538.0,-33.438667,-70.680008,5.0,2.0,5.0,23.1,35.2,0.0,23.0,8.0,0.0
2025-09-20T11:33:51,537.0,-33.438667,-70.680008,5.0,2.0,5.0,23.0,35.2,0.0,23.0,6.0,0.0
2025-09-20T11:33:48,536.0,-33.438671,-70.680008,6.0,3.0,6.0,23.0,35.2,0.0,23.0,6.0,0.0
2025-09-20T11:33:45,535.0,-33.438667,-70.680008,5.0,2.0,5.0,23.0,35.2,0.0,23.0,7.0,0.0
2025-09-20T11:33:41,534.0,-33.438683,-70.680016,6.0,3.0,6.0,23.0,35.3,0.0,23.0,7.0,5.0
2025-09-20T11:33:39,533.0,-33.438759,-70.680008,4.0,2.0,4.0,23.0,35.2,0.0,23.0,7.0,24.2
2025-09-20T11:33:36,532.0,-33.438972,-70.679977,5.0,3.0,5.0,23.0,35.2,0.0,23.0,7.0,37.5
2025-09-20T11:33:32,531.0,-33.439289,-70.679947,5.0,2.0,5.0,23.0,35.2,0.0,23.0,7.0,45.5
2025-09-20T11:33:29,530.0,-33.439629,-70.679916,5.0,3.0,5.0,23.0,35.0,0.0,23.0,7.0,42.0
2025-09-20T11:33:26,529.0,-33.439934,-70.679893,4.0,2.0,4.0,23.0,35.0,0.0,23.0,7.0,37.8
2025-09-20T11:33:24,528.0,-33.440205,-70.679871,5.0,4.0,5.0,23.0,34.9,0.0,23.0,8.0,30.0
2025-09-20T11:33:20,527.0,-33.440376,-70.679855,4.0,2.0,5.0,23.0,35.0,0.0,23.0,8.0,22.7
2025-09-20T11:33:17,526.0,-33.440498,-70.67984,4.0,2.0,5.0,23.0,35.0,0.0,23.0,8.0,0.0
2025-09-20T11:33:14,525.0,-33.440498,-70.67984,5.0,3.0,6.0,22.9,35.1,0.0,23.0,8.0,0.0
2025-09-20T11:33:11,524.0,-33.440502,-70.67984,4.0,1.0,5.0,23.0,35.0,0.0,27.0,8.0,0.0
2025-09-20T11:33:08,523.0,-33.440502,-70.67984,5.0,2.0,6.0,22.9,35.1,0.0,27.0,8.0,0.0
2025-09-20T11:33:05,522.0,-33.440506,-70.679832,5.0,2.0,6.0,22.9,35.0,0.0,27.0,8.0,0.0
2025-09-20T11:33:02,521.0,-33.440506,-70.679832,5.0,1.0,5.0,22.9,35.1,0.0,27.0,8.0,0.0
2025-09-20T11:32:59,520.0,-33.440506,-70.679832,6.0,2.0,6.0,22.9,35.1,0.0,27.0,8.0,0.0
2025-09-20T11:32:56,519.0,-33.440506,-70.679832,8.0,3.0,8.0,22.9,35.2,0.0,27.0,6.0,0.0
2025-09-20T11:32:53,518.0,-33.440506,-70.679832,7.0,2.0,7.0,22.9,35.2,0.0,27.0,6.0,0.0
2025-09-20T11:32:50,517.0,-33.440506,-70.679832,7.0,2.0,7.0,22.9,35.1,0.0,27.0,7.0,0.0
2025-09-20T11:32:47,516.0,-33.440506,-70.679832,7.0,3.0,7.0,22.9,35.2,0.0,27.0,6.0,0.0
2025-09-20T11:32:44,515.0,-33.440506,-70.67984,6.0,2.0,6.0,22.9,35.2,0.0,27.0,6.0,0.0
2025-09-20T11:32:41,514.0,-33.440502,-70.67984,7.0,3.0,7.0,22.9,35.2,0.0,27.0,6.0,0.0
2025-09-20T11:32:38,513.0,-33.440506,-70.67984,7.0,3.0,7.0,22.9,35.2,0.0,27.0,7.0,3.9
2025-09-20T11:32:35,512.0,-33.440575,-70.679832,6.0,2.0,6.0,22.9,35.1,0.0,27.0,7.0,18.7
2025-09-20T11:32:32,511.0,-33.440811,-70.679802,6.0,2.0,6.0,22.9,35.1,0.0,27.0,7.0,42.3
2025-09-20T11:32:29,510.0,-33.441135,-70.679771,6.0,2.0,7.0,22.9,35.1,0.0,27.0,7.0,43.3
2025-09-20T11:32:26,509.0,-33.441471,-70.679749,6.0,2.0,7.0,22.8,35.2,0.0,27.0,6.0,41.0
2025-09-20T11:32:23,508.0,-33.44178,-70.679718,5.0,1.0,6.0,22.8,35.1,0.0,27.0,7.0,42.0
2025-09-20T11:32:20,507.0,-33.442085,-70.679695,6.0,1.0,6.0,22.8,35.1,0.0,27.0,7.0,39.0
2025-09-20T11:32:17,506.0,-33.442364,-70.679672,6.0,1.0,6.0,22.8,35.0,0.0,27.0,7.0,33.5
2025-09-20T11:32:14,505.0,-33.442616,-70.679642,6.0,1.0,6.0,22.9,35.1,0.0,27.0,7.0,36.0
2025-09-20T11:32:11,504.0,-33.442871,-70.679626,7.0,1.0,7.0,22.8,35.1,0.0,27.0,7.0,37.3
2025-09-20T11:32:08,503.0,-33.44315,-70.679604,6.0,1.0,6.0,22.8,35.1,0.0,27.0,7.0,34.3
2025-09-20T11:32:05,502.0,-33.443394,-70.679565,4.0,0.0,5.0,22.8,35.2,0.0,27.0,7.0,31.6
2025-09-20T11:32:02,501.0,-33.443623,-70.679543,5.0,1.0,5.0,22.8,35.0,0.0,27.0,7.0,30.3
2025-09-20T11:31:59,500.0,-33.443844,-70.679512,5.0,1.0,5.0,22.8,35.2,0.0,27.0,7.0,25.5
2025-09-20T11:31:56,499.0,-33.444031,-70.679497,5.0,1.0,5.0,22.8,35.2,0.0,27.0,7.0,20.3
2025-09-20T11:31:53,498.0,-33.444168,-70.679504,4.0,0.0,4.0,22.8,35.2,0.0,27.0,7.0,19.4
2025-09-20T11:31:50,497.0,-33.444275,-70.679497,5.0,1.0,5.0,22.8,35.2,0.0,27.0,7.0,0.0
2025-09-20T11:31:47,496.0,-33.444271,-70.679489,5.0,1.0,5.0,22.8,35.3,0.0,27.0,7.0,1.5
2025-09-20T11:31:44,495.0,-33.444286,-70.679489,3.0,0.0,3.0,22.8,35.2,0.0,27.0,7.0,6.3
2025-09-20T11:31:41,494.0,-33.444359,-70.679497,3.0,0.0,3.0,22.8,35.3,0.0,27.0,7.0,24.5
2025-09-20T11:31:38,493.0,-33.444595,-70.679474,4.0,1.0,4.0,22.8,35.3,0.0,27.0,7.0,42.4
2025-09-20T11:31:34,492.0,-33.444931,-70.679428,3.0,0.0,3.0,22.8,35.4,0.0,27.0,7.0,48.5
2025-09-20T11:31:31,491.0,-33.445286,-70.679405,3.0,0.0,3.0,22.8,35.4,0.0,27.0,7.0,46.8
2025-09-20T11:31:29,490.0,-33.445648,-70.679367,3.0,0.0,3.0,22.8,35.2,0.0,27.0,7.0,49.7
2025-09-20T11:31:26,489.0,-33.446018,-70.679337,5.0,1.0,5.0,22.8,35.4,0.0,27.0,8.0,45.1
2025-09-20T11:31:22,488.0,-33.446335,-70.679306,4.0,0.0,4.0,22.8,35.2,0.0,27.0,7.0,38.3
2025-09-20T11:31:19,487.0,-33.446632,-70.679283,5.0,1.0,5.0,22.8,35.2,0.0,27.0,7.0,43.9
2025-09-20T11:31:16,486.0,-33.447014,-70.679268,4.0,1.0,4.0,22.7,35.3,0.0,27.0,6.0,55.3
2025-09-20T11:31:13,485.0,-33.447418,-70.67923,3.0,0.0,3.0,22.8,35.5,0.0,27.0,7.0,53.8
2025-09-20T11:31:10,484.0,-33.447823,-70.679192,2.0,0.0,2.0,22.8,35.4,0.0,29.0,7.0,52.9
2025-09-20T11:31:07,483.0,-33.448219,-70.679169,3.0,2.0,4.0,22.7,35.3,0.0,29.0,7.0,53.5
2025-09-20T11:31:04,482.0,-33.448601,-70.679131,3.0,1.0,3.0,22.7,35.4,0.0,29.0,7.0,51.6
2025-09-20T11:31:01,481.0,-33.4491,-70.679092,4.0,2.0,5.0,22.7,35.5,0.0,29.0,7.0,49.3
2025-09-20T11:30:58,480.0,-33.449448,-70.679054,5.0,2.0,5.0,22.7,35.4,0.0,29.0,7.0,45.0
2025-09-20T11:30:55,479.0,-33.449772,-70.679024,4.0,1.0,4.0,22.7,35.4,0.0,29.0,7.0,40.7
2025-09-20T11:30:52,478.0,-33.450058,-70.679001,4.0,1.0,4.0,22.7,35.5,0.0,29.0,7.0,35.7
2025-09-20T11:30:49,477.0,-33.450275,-70.678986,5.0,2.0,5.0,22.7,35.5,0.0,29.0,7.0,26.7
2025-09-20T11:30:46,476.0,-33.450466,-70.678978,3.0,0.0,3.0,22.7,35.4,0.0,29.0,7.0,21.4
2025-09-20T11:30:43,475.0,-33.450588,-70.678886,5.0,1.0,5.0,22.7,35.4,0.0,29.0,7.0,22.5
2025-09-20T11:30:40,474.0,-33.450573,-70.678665,5.0,1.0,5.0,22.7,35.4,0.0,29.0,7.0,29.4
2025-09-20T11:30:37,473.0,-33.4505,-70.678375,5.0,1.0,5.0,22.7,35.4,0.0,29.0,8.0,40.9
2025-09-20T11:30:34,472.0,-33.450447,-70.678047,5.0,1.0,5.0,22.7,35.5,0.0,29.0,8.0,30.9
2025-09-20T11:30:31,471.0,-33.450386,-70.677864,6.0,2.0,6.0,22.7,35.5,0.0,29.0,7.0,13.6
2025-09-20T11:30:28,470.0,-33.450348,-70.677765,5.0,1.0,5.0,22.7,35.5,0.0,29.0,7.0,9.9
2025-09-20T11:30:25,469.0,-33.45034,-70.677689,4.0,0.0,4.0,22.7,35.5,0.0,29.0,7.0,8.0
2025-09-20T11:30:22,468.0,-33.450329,-70.677628,3.0,0.0,3.0,22.7,35.6,0.0,29.0,6.0,4.2
2025-09-20T11:30:19,467.0,-33.450317,-70.677589,4.0,1.0,4.0,22.6,35.7,0.0,29.0,7.0,8.6
2025-09-20T11:30:16,466.0,-33.450302,-70.677528,4.0,1.0,4.0,22.7,35.9,0.0,29.0,7.0,7.3
2025-09-20T11:30:13,465.0,-33.450283,-70.67746,3.0,0.0,3.0,22.6,35.7,0.0,29.0,7.0,0.0
2025-09-20T11:30:10,464.0,-33.450283,-70.67746,4.0,1.0,5.0,22.6,35.8,0.0,27.0,7.0,0.0
2025-09-20T11:30:07,463.0,-33.450283,-70.67746,4.0,1.0,5.0,22.6,35.7,0.0,27.0,7.0,0.0
2025-09-20T11:30:04,462.0,-33.450283,-70.67746,3.0,0.0,4.0,22.6,35.7,0.0,27.0,6.0,0.0
2025-09-20T11:30:01,461.0,-33.450283,-70.67746,4.0,1.0,5.0,22.6,35.8,0.0,27.0,6.0,0.0
2025-09-20T11:29:58,460.0,-33.450283,-70.67746,4.0,1.0,5.0,22.6,35.9,0.0,27.0,7.0,8.6
2025-09-20T11:29:55,459.0,-33.450268,-70.677406,4.0,1.0,5.0,22.6,36.0,0.0,27.0,7.0,12.7
2025-09-20T11:29:52,458.0,-33.450237,-70.677254,4.0,1.0,5.0,22.6,35.9,0.0,27.0,7.0,20.7
2025-09-20T11:29:49,457.0,-33.450199,-70.677055,2.0,0.0,3.0,22.6,36.1,0.0,27.0,7.0,23.7
2025-09-20T11:29:46,456.0,-33.450134,-70.676849,2.0,0.0,3.0,22.6,36.1,0.0,27.0,7.0,21.1
2025-09-20T11:29:43,455.0,-33.450089,-70.676643,2.0,0.0,3.0,22.6,35.9,0.0,27.0,7.0,27.5
2025-09-20T11:29:40,454.0,-33.450012,-70.676414,3.0,1.0,4.0,22.6,36.0,0.0,27.0,7.0,23.1
2025-09-20T11:29:36,453.0,-33.449959,-70.676186,2.0,0.0,3.0,22.6,35.9,0.0,27.0,7.0,29.3
2025-09-20T11:29:33,452.0,-33.449898,-70.675941,3.0,1.0,4.0,22.6,35.8,0.0,27.0,7.0,29.1
2025-09-20T11:29:30,451.0,-33.449856,-70.675735,2.0,0.0,3.0,22.6,35.8,0.0,27.0,7.0,14.6
2025-09-20T11:29:27,450.0,-33.449879,-70.675613,2.0,0.0,2.0,22.6,35.8,0.0,27.0,7.0,14.0
2025-09-20T11:29:24,449.0,-33.449978,-70.675568,3.0,1.0,3.0,22.6,36.0,0.0,27.0,6.0,12.6
2025-09-20T11:29:21,448.0,-33.450073,-70.675537,1.0,0.0,1.0,22.5,35.7,0.0,27.0,7.0,13.2
2025-09-20T11:29:18,447.0,-33.450169,-70.675522,2.0,1.0,2.0,22.6,35.5,0.0,27.0,7.0,14.4
2025-09-20T11:29:15,446.0,-33.450287,-70.675499,1.0,0.0,1.0,22.5,35.6,0.0,27.0,7.0,17.0
2025-09-20T11:29:12,445.0,-33.450401,-70.675476,1.0,0.0,1.0,22.5,35.4,0.0,27.0,7.0,15.1
2025-09-20T11:29:09,444.0,-33.450474,-70.675461,3.0,1.0,3.0,22.5,35.2,0.0,27.0,8.0,6.2
2025-09-20T11:29:06,443.0,-33.450489,-70.675461,4.0,1.0,4.0,22.5,35.1,0.0,27.0,7.0,0.0
2025-09-20T11:29:03,442.0,-33.450485,-70.675468,3.0,0.0,3.0,22.5,35.3,0.0,27.0,6.0,0.0
2025-09-20T11:29:00,441.0,-33.450485,-70.675468,3.0,1.0,3.0,22.5,35.3,0.0,27.0,6.0,0.0
2025-09-20T11:28:57,440.0,-33.450485,-70.675468,3.0,0.0,3.0,22.5,35.4,0.0,27.0,6.0,0.0
2025-09-20T11:28:54,439.0,-33.450485,-70.675468,4.0,1.0,4.0,22.5,35.6,0.0,27.0,6.0,0.0
2025-09-20T11:28:51,438.0,-33.450489,-70.675468,3.0,0.0,3.0,22.5,35.5,0.0,27.0,7.0,0.0
